"","subid","condition","gender","age","beliefGod","education","politicalIdeology","maritalStatus","children","beliefAfterlife","gerald_schiff_pvs","toby_chimp","fetus","god","delores_gleitman_deceased","sharon_harvey_woman","green_frog","todd_billingsley_man","charlie_dog","nicholas_gannon_baby","samantha_hill_girl","kismet_robot","you"
"1","S1","Morality","male",28,"agree_strong","college_bachDegree","independent","no",0,"agree_little",-2,0,0,2,-2,2,0,-2,-1,1,-2,-1,2
"2","S1","Morality","male",28,"agree_strong","college_bachDegree","independent","no",0,"agree_little",1,-2,-2,2,-2,2,-2,2,-2,-2,2,-2,2
"3","S1","Morality","male",28,"agree_strong","college_bachDegree","independent","no",0,"agree_little",-2,-2,0,2,-2,2,-2,2,0,-2,-2,0,2
"4","S1","Morality","male",28,"agree_strong","college_bachDegree","independent","no",0,"agree_little",-2,0,0,2,-2,2,0,-2,-2,0,-2,-2,2
"5","S1","Morality","male",28,"agree_strong","college_bachDegree","independent","no",0,"agree_little",0,0,-2,2,-1,2,0,2,-2,-1,2,-2,2
"6","S1","Morality","male",28,"agree_strong","college_bachDegree","independent","no",0,"agree_little",1,-2,-1,2,-1,2,-2,2,0,0,2,0,2
"7","S1","Morality","male",28,"agree_strong","college_bachDegree","independent","no",0,"agree_little",1,-1,-2,2,-2,2,-2,2,0,0,2,0,2
"8","S1","Morality","male",28,"agree_strong","college_bachDegree","independent","no",0,"agree_little",1,-2,0,2,0,2,0,2,1,0,2,-2,2
"9","S1","Morality","male",28,"agree_strong","college_bachDegree","independent","no",0,"agree_little",-1,0,-2,0,0,-2,-1,2,1,1,2,0,2
"10","S1","Morality","male",28,"agree_strong","college_bachDegree","independent","no",0,"agree_little",0,-2,0,-2,-1,2,-1,2,-2,-2,1,0,2
"11","S1","Morality","male",28,"agree_strong","college_bachDegree","independent","no",0,"agree_little",-2,0,0,2,0,-2,0,2,0,1,-2,0,-2
"12","S1","Morality","male",28,"agree_strong","college_bachDegree","independent","no",0,"agree_little",1,0,-2,2,0,2,-2,2,-2,-2,2,-2,2
"13","S2","Hunger","male",31,"agree_moderate","college_assocDegree","democrat","no_commited",2,"disagree_strong",-2,0,-2,-1,-2,2,0,0,0,2,0,1,-1
"14","S2","Hunger","male",31,"agree_moderate","college_assocDegree","democrat","no_commited",2,"disagree_strong",1,-2,-1,0,-2,0,-1,2,2,0,0,2,-2
"15","S2","Hunger","male",31,"agree_moderate","college_assocDegree","democrat","no_commited",2,"disagree_strong",1,0,1,-2,0,2,0,2,0,-1,1,-1,-2
"16","S2","Hunger","male",31,"agree_moderate","college_assocDegree","democrat","no_commited",2,"disagree_strong",1,-1,2,-2,-2,2,0,1,0,2,2,-2,-2
"17","S2","Hunger","male",31,"agree_moderate","college_assocDegree","democrat","no_commited",2,"disagree_strong",-1,2,1,-2,-2,2,-1,1,1,1,2,-1,0
"18","S2","Hunger","male",31,"agree_moderate","college_assocDegree","democrat","no_commited",2,"disagree_strong",-1,0,-2,-2,-2,2,-1,1,0,0,1,-2,-2
"19","S2","Hunger","male",31,"agree_moderate","college_assocDegree","democrat","no_commited",2,"disagree_strong",2,2,0,-1,-2,2,-2,2,-2,-2,0,-1,-1
"20","S2","Hunger","male",31,"agree_moderate","college_assocDegree","democrat","no_commited",2,"disagree_strong",1,2,1,0,0,2,2,-1,-1,2,1,-1,-1
"21","S2","Hunger","male",31,"agree_moderate","college_assocDegree","democrat","no_commited",2,"disagree_strong",1,2,2,-2,-2,2,1,2,-2,1,2,-1,0
"22","S2","Hunger","male",31,"agree_moderate","college_assocDegree","democrat","no_commited",2,"disagree_strong",2,1,1,-1,-2,1,-1,2,1,1,-2,0,-2
"23","S2","Hunger","male",31,"agree_moderate","college_assocDegree","democrat","no_commited",2,"disagree_strong",-1,-2,-2,-2,0,2,2,2,1,-1,1,-2,-1
"24","S2","Hunger","male",31,"agree_moderate","college_assocDegree","democrat","no_commited",2,"disagree_strong",-1,-1,1,-1,-1,2,1,1,0,0,1,-2,-1
"25","S3","Fear","female",23,"disagree_strong","college_bachDegree","democrat","no",0,"disagree_strong",-1,2,-2,-1,-2,1,1,2,1,1,-1,-1,1
"26","S3","Fear","female",23,"disagree_strong","college_bachDegree","democrat","no",0,"disagree_strong",-1,1,-1,-2,-2,1,-1,1,-2,-1,1,-1,2
"27","S3","Fear","female",23,"disagree_strong","college_bachDegree","democrat","no",0,"disagree_strong",-1,1,-1,-2,-1,2,-1,0,1,2,0,1,2
"28","S3","Fear","female",23,"disagree_strong","college_bachDegree","democrat","no",0,"disagree_strong",1,-2,-2,0,0,0,-1,2,-1,-2,2,-2,2
"29","S3","Fear","female",23,"disagree_strong","college_bachDegree","democrat","no",0,"disagree_strong",1,-1,-1,-1,-1,1,1,1,1,-2,1,-1,1
"30","S3","Fear","female",23,"disagree_strong","college_bachDegree","democrat","no",0,"disagree_strong",-2,0,0,0,-2,-1,-1,1,1,-1,1,-2,0
"31","S3","Fear","female",23,"disagree_strong","college_bachDegree","democrat","no",0,"disagree_strong",-1,1,-1,0,0,2,-1,2,0,1,1,-1,0
"32","S3","Fear","female",23,"disagree_strong","college_bachDegree","democrat","no",0,"disagree_strong",0,-1,0,-2,0,0,-1,0,-1,-1,1,-2,2
"33","S3","Fear","female",23,"disagree_strong","college_bachDegree","democrat","no",0,"disagree_strong",0,2,-1,-1,-1,0,1,1,1,1,0,0,0
"34","S3","Fear","female",23,"disagree_strong","college_bachDegree","democrat","no",0,"disagree_strong",-1,2,-2,-2,-1,2,-1,1,1,-2,1,0,1
"35","S3","Fear","female",23,"disagree_strong","college_bachDegree","democrat","no",0,"disagree_strong",-1,2,-2,-2,-2,2,1,1,2,1,-1,-1,2
"36","S3","Fear","female",23,"disagree_strong","college_bachDegree","democrat","no",0,"disagree_strong",-1,1,-2,-1,-2,2,2,2,2,1,1,1,2
"37","S4","Fear","male",31,"disagree_strong","college_bachDegree","democrat","no",NA,"disagree_moderate",0,0,1,-1,0,0,2,0,0,0,0,-2,2
"38","S4","Fear","male",31,"disagree_strong","college_bachDegree","democrat","no",NA,"disagree_moderate",0,0,-1,-2,-2,2,0,1,-1,1,0,0,0
"39","S4","Fear","male",31,"disagree_strong","college_bachDegree","democrat","no",NA,"disagree_moderate",2,1,2,-2,-2,2,2,2,2,0,2,-2,2
"40","S4","Fear","male",31,"disagree_strong","college_bachDegree","democrat","no",NA,"disagree_moderate",2,0,-1,0,-2,0,0,1,2,1,2,-2,1
"41","S4","Fear","male",31,"disagree_strong","college_bachDegree","democrat","no",NA,"disagree_moderate",1,-1,-1,-2,-2,0,-1,0,0,0,1,0,1
"42","S4","Fear","male",31,"disagree_strong","college_bachDegree","democrat","no",NA,"disagree_moderate",0,2,-1,-2,-2,2,0,0,-1,2,0,-2,0
"43","S4","Fear","male",31,"disagree_strong","college_bachDegree","democrat","no",NA,"disagree_moderate",0,-1,-1,-2,-2,0,-1,0,-1,0,0,-2,0
"44","S4","Fear","male",31,"disagree_strong","college_bachDegree","democrat","no",NA,"disagree_moderate",0,-1,-1,0,0,1,0,1,0,0,0,-2,0
"45","S4","Fear","male",31,"disagree_strong","college_bachDegree","democrat","no",NA,"disagree_moderate",1,2,0,-1,-2,1,1,2,0,1,0,-2,0
"46","S4","Fear","male",31,"disagree_strong","college_bachDegree","democrat","no",NA,"disagree_moderate",0,-1,-1,-2,-2,0,-1,2,-1,0,1,-2,1
"47","S4","Fear","male",31,"disagree_strong","college_bachDegree","democrat","no",NA,"disagree_moderate",1,-1,0,-2,-2,1,-1,1,2,2,2,-2,1
"48","S4","Fear","male",31,"disagree_strong","college_bachDegree","democrat","no",NA,"disagree_moderate",2,2,2,-2,-2,0,-1,0,0,2,1,-2,2
"49","S5","Morality","male",66,"disagree_strong","college_some","independent","no_commited",0,"disagree_moderate",-1,-1,-1,-1,-2,2,1,2,1,-2,1,-1,2
"50","S5","Morality","male",66,"disagree_strong","college_some","independent","no_commited",0,"disagree_moderate",-2,1,1,-1,0,2,-1,2,1,-2,2,0,2
"51","S5","Morality","male",66,"disagree_strong","college_some","independent","no_commited",0,"disagree_moderate",-1,-2,-2,-1,-2,2,0,0,1,0,-2,1,2
"52","S5","Morality","male",66,"disagree_strong","college_some","independent","no_commited",0,"disagree_moderate",-1,2,-1,0,-1,2,-2,2,1,0,1,-2,2
"53","S5","Morality","male",66,"disagree_strong","college_some","independent","no_commited",0,"disagree_moderate",0,2,-2,-2,-1,0,-2,2,-2,-1,2,1,2
"54","S5","Morality","male",66,"disagree_strong","college_some","independent","no_commited",0,"disagree_moderate",-1,1,-2,-1,-2,0,-2,2,-1,-1,2,-2,0
"55","S5","Morality","male",66,"disagree_strong","college_some","independent","no_commited",0,"disagree_moderate",0,-2,-1,-2,-2,2,-2,0,-2,1,-2,-2,2
"56","S5","Morality","male",66,"disagree_strong","college_some","independent","no_commited",0,"disagree_moderate",-2,1,-1,-2,-2,2,0,2,-2,1,2,1,2
"57","S5","Morality","male",66,"disagree_strong","college_some","independent","no_commited",0,"disagree_moderate",-2,1,-2,-2,-1,2,-2,2,2,0,-2,1,2
"58","S5","Morality","male",66,"disagree_strong","college_some","independent","no_commited",0,"disagree_moderate",0,1,1,-2,-1,2,1,2,1,-2,2,-1,2
"59","S5","Morality","male",66,"disagree_strong","college_some","independent","no_commited",0,"disagree_moderate",1,2,0,-1,-2,2,-1,2,2,1,2,-2,0
"60","S5","Morality","male",66,"disagree_strong","college_some","independent","no_commited",0,"disagree_moderate",1,-2,0,-2,-1,2,0,2,-2,-2,2,1,2
"61","S6","Morality","male",22,"agree_little","college_some","independent","no",2,"agree_moderate",-1,0,-1,0,0,0,1,1,1,-1,2,1,-1
"62","S6","Morality","male",22,"agree_little","college_some","independent","no",2,"agree_moderate",-2,0,-1,-1,-1,0,0,1,1,-1,0,0,-1
"63","S6","Morality","male",22,"agree_little","college_some","independent","no",2,"agree_moderate",1,0,1,1,-1,1,0,-1,0,0,1,1,0
"64","S6","Morality","male",22,"agree_little","college_some","independent","no",2,"agree_moderate",0,0,1,1,-1,1,0,-1,1,-1,0,-1,1
"65","S6","Morality","male",22,"agree_little","college_some","independent","no",2,"agree_moderate",0,0,0,1,0,-1,1,0,0,-1,-1,-1,0
"66","S6","Morality","male",22,"agree_little","college_some","independent","no",2,"agree_moderate",0,1,-1,0,-1,0,1,-1,1,-1,1,0,-1
"67","S6","Morality","male",22,"agree_little","college_some","independent","no",2,"agree_moderate",1,-1,0,1,-1,0,1,0,-1,-1,0,0,1
"68","S6","Morality","male",22,"agree_little","college_some","independent","no",2,"agree_moderate",0,1,1,1,1,1,1,0,-1,-1,1,1,-1
"69","S6","Morality","male",22,"agree_little","college_some","independent","no",2,"agree_moderate",0,-1,-1,1,-1,1,0,1,0,0,-1,0,0
"70","S6","Morality","male",22,"agree_little","college_some","independent","no",2,"agree_moderate",0,1,1,-1,0,-1,0,-1,0,-1,0,-1,1
"71","S6","Morality","male",22,"agree_little","college_some","independent","no",2,"agree_moderate",0,0,-1,0,0,-1,0,1,1,-1,0,-1,1
"72","S6","Morality","male",22,"agree_little","college_some","independent","no",2,"agree_moderate",1,1,-1,0,0,0,0,-1,-1,1,0,1,-1
"73","S7","Morality","male",20,"disagree_moderate","college_some","independent","no",0,"disagree_little",0,1,-2,0,-1,2,-1,1,1,-2,2,-1,2
"74","S7","Morality","male",20,"disagree_moderate","college_some","independent","no",0,"disagree_little",0,1,-1,0,0,0,0,2,-2,-2,-2,-2,2
"75","S7","Morality","male",20,"disagree_moderate","college_some","independent","no",0,"disagree_little",0,1,1,-1,-1,2,0,2,0,-1,1,0,2
"76","S7","Morality","male",20,"disagree_moderate","college_some","independent","no",0,"disagree_little",-1,1,0,0,-2,-2,0,0,1,0,2,0,2
"77","S7","Morality","male",20,"disagree_moderate","college_some","independent","no",0,"disagree_little",-1,0,0,-1,0,2,0,2,1,0,2,0,2
"78","S7","Morality","male",20,"disagree_moderate","college_some","independent","no",0,"disagree_little",0,-2,0,0,0,2,-2,-2,-2,1,1,0,0
"79","S7","Morality","male",20,"disagree_moderate","college_some","independent","no",0,"disagree_little",-1,-2,-1,0,-2,2,-2,2,-1,0,1,0,2
"80","S7","Morality","male",20,"disagree_moderate","college_some","independent","no",0,"disagree_little",0,-2,-2,-1,-2,2,0,1,-2,0,-2,0,0
"81","S7","Morality","male",20,"disagree_moderate","college_some","independent","no",0,"disagree_little",-2,0,0,0,0,2,0,1,0,0,-2,0,2
"82","S7","Morality","male",20,"disagree_moderate","college_some","independent","no",0,"disagree_little",-2,0,0,-2,0,2,0,2,0,-2,1,-1,2
"83","S7","Morality","male",20,"disagree_moderate","college_some","independent","no",0,"disagree_little",-1,0,-1,0,0,2,0,2,0,-2,2,0,2
"84","S7","Morality","male",20,"disagree_moderate","college_some","independent","no",0,"disagree_little",1,-2,-1,0,-2,0,0,0,0,0,1,-2,2
"85","S8","Fear","male",32,"agree_moderate","grad_degree","republican","yes",1,"agree_little",-2,0,-2,-2,-2,2,0,0,0,1,2,-2,2
"86","S8","Fear","male",32,"agree_moderate","grad_degree","republican","yes",1,"agree_little",2,2,-1,-1,-2,-1,-1,2,1,2,2,0,2
"87","S8","Fear","male",32,"agree_moderate","grad_degree","republican","yes",1,"agree_little",-2,-1,-2,-2,-2,0,-2,2,-1,2,2,-2,1
"88","S8","Fear","male",32,"agree_moderate","grad_degree","republican","yes",1,"agree_little",-2,2,1,-2,-2,1,1,-1,2,1,1,-1,2
"89","S8","Fear","male",32,"agree_moderate","grad_degree","republican","yes",1,"agree_little",-2,-1,-2,-2,-2,1,-1,2,-1,2,1,-2,1
"90","S8","Fear","male",32,"agree_moderate","grad_degree","republican","yes",1,"agree_little",1,2,-2,-2,-2,2,1,-1,2,1,0,-1,2
"91","S8","Fear","male",32,"agree_moderate","grad_degree","republican","yes",1,"agree_little",-1,2,-2,-2,0,2,1,2,-1,1,1,-1,0
"92","S8","Fear","male",32,"agree_moderate","grad_degree","republican","yes",1,"agree_little",-1,-2,-1,0,0,-1,-1,0,2,0,0,0,0
"93","S8","Fear","male",32,"agree_moderate","grad_degree","republican","yes",1,"agree_little",1,-1,1,-1,-1,2,-1,2,0,1,1,-2,2
"94","S8","Fear","male",32,"agree_moderate","grad_degree","republican","yes",1,"agree_little",0,-1,0,-1,-2,2,0,1,1,1,1,-2,-1
"95","S8","Fear","male",32,"agree_moderate","grad_degree","republican","yes",1,"agree_little",-2,1,1,0,-1,0,2,1,-1,1,2,-1,2
"96","S8","Fear","male",32,"agree_moderate","grad_degree","republican","yes",1,"agree_little",-2,0,-2,-2,-2,2,2,1,-1,1,2,-2,0
"97","S9","Self-Control","female",19,"disagree_strong","college_some","independent","no",0,"neither",-1,-1,-2,2,-2,-2,-2,2,2,-2,0,1,1
"98","S9","Self-Control","female",19,"disagree_strong","college_some","independent","no",0,"neither",-2,2,-1,-1,-1,0,-2,2,0,-2,2,1,2
"99","S9","Self-Control","female",19,"disagree_strong","college_some","independent","no",0,"neither",-1,2,-2,-2,0,2,2,0,0,-2,0,-2,0
"100","S9","Self-Control","female",19,"disagree_strong","college_some","independent","no",0,"neither",0,0,-2,1,-1,2,-2,2,-2,1,2,-2,0
"101","S9","Self-Control","female",19,"disagree_strong","college_some","independent","no",0,"neither",0,-2,0,1,-2,2,1,0,2,1,0,1,-1
"102","S9","Self-Control","female",19,"disagree_strong","college_some","independent","no",0,"neither",-1,0,1,-2,-1,2,-2,2,2,-2,-2,1,0
"103","S9","Self-Control","female",19,"disagree_strong","college_some","independent","no",0,"neither",-1,2,-2,-2,-1,2,1,2,-2,1,2,-1,2
"104","S9","Self-Control","female",19,"disagree_strong","college_some","independent","no",0,"neither",-2,-1,-2,-2,-2,0,-2,2,-2,2,2,1,2
"105","S9","Self-Control","female",19,"disagree_strong","college_some","independent","no",0,"neither",-2,2,-2,-2,-2,1,0,2,2,2,-2,-1,2
"106","S9","Self-Control","female",19,"disagree_strong","college_some","independent","no",0,"neither",-2,2,1,-1,-2,2,-2,2,2,2,2,-2,2
"107","S9","Self-Control","female",19,"disagree_strong","college_some","independent","no",0,"neither",-2,2,0,-2,-2,2,-2,2,2,-2,2,-2,2
"108","S9","Self-Control","female",19,"disagree_strong","college_some","independent","no",0,"neither",-2,2,-2,-2,-2,2,2,2,2,0,0,-2,2
"109","S10","Hunger","female",49,"agree_strong","hs_diploma","republican","yes",4,"agree_strong",-2,2,-2,0,-2,2,-2,-1,2,1,0,-2,0
"110","S10","Hunger","female",49,"agree_strong","hs_diploma","republican","yes",4,"agree_strong",-2,-1,-2,0,0,0,1,0,-1,1,1,-2,-1
"111","S10","Hunger","female",49,"agree_strong","hs_diploma","republican","yes",4,"agree_strong",0,0,-2,-2,-2,0,2,1,0,2,2,-2,2
"112","S10","Hunger","female",49,"agree_strong","hs_diploma","republican","yes",4,"agree_strong",1,2,0,-2,-2,-1,-2,-1,0,1,2,-1,2
"113","S10","Hunger","female",49,"agree_strong","hs_diploma","republican","yes",4,"agree_strong",-2,2,-1,-2,-1,0,-2,2,2,2,2,0,2
"114","S10","Hunger","female",49,"agree_strong","hs_diploma","republican","yes",4,"agree_strong",-2,-1,-2,-2,-1,0,-2,2,2,2,1,-2,1
"115","S10","Hunger","female",49,"agree_strong","hs_diploma","republican","yes",4,"agree_strong",1,2,0,-2,-2,2,1,2,-1,2,2,0,0
"116","S10","Hunger","female",49,"agree_strong","hs_diploma","republican","yes",4,"agree_strong",-2,0,-2,-2,-2,2,-2,2,2,1,2,-2,2
"117","S10","Hunger","female",49,"agree_strong","hs_diploma","republican","yes",4,"agree_strong",2,0,-2,-2,-2,2,2,2,-1,2,-1,0,0
"118","S10","Hunger","female",49,"agree_strong","hs_diploma","republican","yes",4,"agree_strong",-2,-1,0,0,0,2,-1,1,-1,1,1,-2,1
"119","S10","Hunger","female",49,"agree_strong","hs_diploma","republican","yes",4,"agree_strong",-2,2,-2,0,0,2,-1,0,2,1,2,-2,0
"120","S10","Hunger","female",49,"agree_strong","hs_diploma","republican","yes",4,"agree_strong",-1,1,-2,-2,-2,-1,1,2,2,2,1,-2,2
"121","S11","Fear","male",21,"disagree_strong","hs_diploma","democrat","no",0,"disagree_strong",-2,-1,-2,-2,0,1,-1,2,2,0,2,-2,2
"122","S11","Fear","male",21,"disagree_strong","hs_diploma","democrat","no",0,"disagree_strong",-2,0,-2,0,-2,2,-1,0,2,0,1,-2,2
"123","S11","Fear","male",21,"disagree_strong","hs_diploma","democrat","no",0,"disagree_strong",1,1,2,-2,-2,1,2,1,-1,0,2,-2,1
"124","S11","Fear","male",21,"disagree_strong","hs_diploma","democrat","no",0,"disagree_strong",-2,1,-2,-2,-2,2,-2,1,-1,-1,2,2,-2
"125","S11","Fear","male",21,"disagree_strong","hs_diploma","democrat","no",0,"disagree_strong",2,1,-2,-2,-2,2,-2,-1,0,1,1,2,2
"126","S11","Fear","male",21,"disagree_strong","hs_diploma","democrat","no",0,"disagree_strong",-1,2,-1,-2,-2,1,-1,2,2,-1,2,-1,2
"127","S11","Fear","male",21,"disagree_strong","hs_diploma","democrat","no",0,"disagree_strong",-1,-1,-2,-2,-2,1,-2,2,-1,2,2,-2,0
"128","S11","Fear","male",21,"disagree_strong","hs_diploma","democrat","no",0,"disagree_strong",-1,2,0,-2,-2,2,-2,2,2,2,2,-2,-2
"129","S11","Fear","male",21,"disagree_strong","hs_diploma","democrat","no",0,"disagree_strong",-1,2,-2,-2,-2,2,2,-1,-1,2,1,-2,2
"130","S11","Fear","male",21,"disagree_strong","hs_diploma","democrat","no",0,"disagree_strong",2,1,2,-2,-2,2,2,0,2,-1,1,-2,2
"131","S11","Fear","male",21,"disagree_strong","hs_diploma","democrat","no",0,"disagree_strong",0,-2,-2,-2,-2,2,1,2,-2,1,2,0,2
"132","S11","Fear","male",21,"disagree_strong","hs_diploma","democrat","no",0,"disagree_strong",-2,-2,1,-2,-2,-1,0,2,1,2,1,-1,2
"133","S12","Morality","male",25,"disagree_moderate","college_bachDegree","democrat","no",NA,"neither",-1,1,-1,2,-2,0,-2,2,-2,-2,-2,1,-1
"134","S12","Morality","male",25,"disagree_moderate","college_bachDegree","democrat","no",NA,"neither",-1,1,-1,2,-1,2,-2,0,1,-1,-1,1,2
"135","S12","Morality","male",25,"disagree_moderate","college_bachDegree","democrat","no",NA,"neither",-2,-2,-2,1,0,1,0,1,1,-1,-1,-2,2
"136","S12","Morality","male",25,"disagree_moderate","college_bachDegree","democrat","no",NA,"neither",-1,1,-2,2,-2,2,-2,2,1,1,2,-2,1
"137","S12","Morality","male",25,"disagree_moderate","college_bachDegree","democrat","no",NA,"neither",0,-2,0,1,-2,-2,-1,2,1,1,-1,1,2
"138","S12","Morality","male",25,"disagree_moderate","college_bachDegree","democrat","no",NA,"neither",-2,0,-1,2,-1,-1,-1,2,-2,-1,2,1,2
"139","S12","Morality","male",25,"disagree_moderate","college_bachDegree","democrat","no",NA,"neither",-1,-2,-2,2,-2,2,-1,2,-2,1,2,-2,1
"140","S12","Morality","male",25,"disagree_moderate","college_bachDegree","democrat","no",NA,"neither",0,-2,-2,2,-2,2,-2,2,-1,-2,2,0,2
"141","S12","Morality","male",25,"disagree_moderate","college_bachDegree","democrat","no",NA,"neither",-1,1,-1,2,0,2,-2,2,1,1,2,-2,2
"142","S12","Morality","male",25,"disagree_moderate","college_bachDegree","democrat","no",NA,"neither",-2,-2,-2,2,0,2,0,-1,0,-2,2,1,2
"143","S12","Morality","male",25,"disagree_moderate","college_bachDegree","democrat","no",NA,"neither",0,1,-1,1,-1,2,1,2,-2,-2,2,0,2
"144","S12","Morality","male",25,"disagree_moderate","college_bachDegree","democrat","no",NA,"neither",-2,1,0,2,-1,2,-1,-1,-2,-2,2,-2,1
"145","S13","Morality","male",19,"disagree_strong","college_some","independent","no_commited",0,"disagree_moderate",0,1,0,-2,-2,-1,1,2,-1,1,2,2,1
"146","S13","Morality","male",19,"disagree_strong","college_some","independent","no_commited",0,"disagree_moderate",1,1,-2,-2,0,2,-2,2,2,0,2,-1,2
"147","S13","Morality","male",19,"disagree_strong","college_some","independent","no_commited",0,"disagree_moderate",0,-1,-1,-1,-2,2,-2,2,0,-2,0,0,2
"148","S13","Morality","male",19,"disagree_strong","college_some","independent","no_commited",0,"disagree_moderate",-2,0,-2,-1,0,1,0,2,-2,-2,2,0,2
"149","S13","Morality","male",19,"disagree_strong","college_some","independent","no_commited",0,"disagree_moderate",-2,0,0,-1,-1,1,-1,0,0,1,2,1,2
"150","S13","Morality","male",19,"disagree_strong","college_some","independent","no_commited",0,"disagree_moderate",-2,1,0,0,-1,2,0,2,-1,1,1,-2,2
"151","S13","Morality","male",19,"disagree_strong","college_some","independent","no_commited",0,"disagree_moderate",-1,-2,-1,0,-2,2,-2,2,1,0,-1,1,1
"152","S13","Morality","male",19,"disagree_strong","college_some","independent","no_commited",0,"disagree_moderate",-2,1,0,0,-2,0,-2,2,-1,-1,1,1,2
"153","S13","Morality","male",19,"disagree_strong","college_some","independent","no_commited",0,"disagree_moderate",-1,0,-2,-2,-1,2,0,2,-2,1,0,-1,2
"154","S13","Morality","male",19,"disagree_strong","college_some","independent","no_commited",0,"disagree_moderate",0,-1,-1,-1,0,2,-2,1,-2,1,-2,1,1
"155","S13","Morality","male",19,"disagree_strong","college_some","independent","no_commited",0,"disagree_moderate",-1,2,-2,-2,-2,2,0,1,1,-2,-2,0,2
"156","S13","Morality","male",19,"disagree_strong","college_some","independent","no_commited",0,"disagree_moderate",-1,1,-1,0,-2,2,-1,-1,1,0,2,0,2
"157","S14","Self-Control","male",29,"agree_strong","college_bachDegree","republican","no",0,"agree_strong",0,-2,-2,2,-2,2,-2,2,-2,0,2,-2,2
"158","S14","Self-Control","male",29,"agree_strong","college_bachDegree","republican","no",0,"agree_strong",-2,2,-2,2,-2,-2,-2,-2,2,-2,2,2,2
"159","S14","Self-Control","male",29,"agree_strong","college_bachDegree","republican","no",0,"agree_strong",-2,2,-2,2,-2,2,-2,2,-2,-2,-2,2,-2
"160","S14","Self-Control","male",29,"agree_strong","college_bachDegree","republican","no",0,"agree_strong",-2,-2,-2,2,-2,2,-2,2,2,-2,2,2,-2
"161","S14","Self-Control","male",29,"agree_strong","college_bachDegree","republican","no",0,"agree_strong",-2,2,2,2,-2,2,-2,2,-2,-2,2,2,2
"162","S14","Self-Control","male",29,"agree_strong","college_bachDegree","republican","no",0,"agree_strong",-2,2,-2,-2,-2,2,2,2,-2,2,-2,2,2
"163","S14","Self-Control","male",29,"agree_strong","college_bachDegree","republican","no",0,"agree_strong",-2,-2,-2,-2,-2,2,2,2,-2,-2,2,-2,-2
"164","S14","Self-Control","male",29,"agree_strong","college_bachDegree","republican","no",0,"agree_strong",-2,-2,-2,-2,-2,2,-2,2,2,-2,2,-2,2
"165","S14","Self-Control","male",29,"agree_strong","college_bachDegree","republican","no",0,"agree_strong",-2,2,-2,2,-2,2,1,2,2,-2,2,2,2
"166","S14","Self-Control","male",29,"agree_strong","college_bachDegree","republican","no",0,"agree_strong",-2,-2,2,2,-2,2,2,2,2,-1,2,2,2
"167","S14","Self-Control","male",29,"agree_strong","college_bachDegree","republican","no",0,"agree_strong",-2,-2,-2,2,0,2,-2,-2,2,-2,2,2,2
"168","S14","Self-Control","male",29,"agree_strong","college_bachDegree","republican","no",0,"agree_strong",0,2,-2,2,-2,2,-2,-2,-2,2,2,-2,2
"169","S15","Fear","male",30,"neither","college_bachDegree","independent","no",0,"neither",-2,0,-2,0,-2,0,-1,0,0,1,0,0,1
"170","S15","Fear","male",30,"neither","college_bachDegree","independent","no",0,"neither",-2,1,-1,-2,-1,0,2,0,0,1,2,-1,0
"171","S15","Fear","male",30,"neither","college_bachDegree","independent","no",0,"neither",-1,0,0,-1,-1,1,2,1,0,0,1,-1,0
"172","S15","Fear","male",30,"neither","college_bachDegree","independent","no",0,"neither",-1,1,0,0,-2,0,-1,2,0,0,0,-1,1
"173","S15","Fear","male",30,"neither","college_bachDegree","independent","no",0,"neither",0,0,-1,-1,-2,2,-1,0,1,1,0,0,0
"174","S15","Fear","male",30,"neither","college_bachDegree","independent","no",0,"neither",-1,0,-1,-1,0,2,0,0,1,0,1,-1,0
"175","S15","Fear","male",30,"neither","college_bachDegree","independent","no",0,"neither",0,0,1,-1,0,1,0,0,1,0,0,-1,0
"176","S15","Fear","male",30,"neither","college_bachDegree","independent","no",0,"neither",-1,0,-1,-1,0,0,-1,0,0,1,0,0,1
"177","S15","Fear","male",30,"neither","college_bachDegree","independent","no",0,"neither",-1,0,-1,-1,-1,0,2,1,1,0,0,0,-1
"178","S15","Fear","male",30,"neither","college_bachDegree","independent","no",0,"neither",0,1,-1,0,0,1,1,1,0,0,1,-1,1
"179","S15","Fear","male",30,"neither","college_bachDegree","independent","no",0,"neither",0,1,-1,-1,-1,0,1,1,1,1,1,-1,1
"180","S15","Fear","male",30,"neither","college_bachDegree","independent","no",0,"neither",-1,1,0,-1,-1,1,-1,1,1,1,1,-1,1
"181","S16","Morality","male",19,"disagree_moderate","college_some","independent","no",0,"agree_moderate",1,2,-2,-2,2,1,-1,2,-1,-2,2,2,2
"182","S16","Morality","male",19,"disagree_moderate","college_some","independent","no",0,"agree_moderate",2,-2,-2,-2,-2,1,-2,2,2,-2,2,-2,-1
"183","S16","Morality","male",19,"disagree_moderate","college_some","independent","no",0,"agree_moderate",-2,2,-2,-2,-2,2,2,-2,2,2,2,2,-2
"184","S16","Morality","male",19,"disagree_moderate","college_some","independent","no",0,"agree_moderate",-2,2,-2,-2,-2,2,-2,2,2,-2,2,-2,2
"185","S16","Morality","male",19,"disagree_moderate","college_some","independent","no",0,"agree_moderate",-2,2,-2,-2,2,2,-2,2,2,-2,-2,2,-2
"186","S16","Morality","male",19,"disagree_moderate","college_some","independent","no",0,"agree_moderate",-1,2,-2,-2,2,2,-2,2,1,2,-2,-2,-2
"187","S16","Morality","male",19,"disagree_moderate","college_some","independent","no",0,"agree_moderate",-2,-2,-2,-2,-2,2,-2,2,2,2,-2,2,2
"188","S16","Morality","male",19,"disagree_moderate","college_some","independent","no",0,"agree_moderate",2,-2,-2,-2,1,2,-2,2,2,-2,2,-1,-2
"189","S16","Morality","male",19,"disagree_moderate","college_some","independent","no",0,"agree_moderate",-2,2,-2,-2,-2,1,-1,2,2,2,2,2,-2
"190","S16","Morality","male",19,"disagree_moderate","college_some","independent","no",0,"agree_moderate",-2,2,-2,-2,2,2,-2,-2,-2,-2,2,2,2
"191","S16","Morality","male",19,"disagree_moderate","college_some","independent","no",0,"agree_moderate",-2,2,-2,1,-2,2,2,2,2,2,2,2,2
"192","S16","Morality","male",19,"disagree_moderate","college_some","independent","no",0,"agree_moderate",-2,2,-1,-2,-1,2,-2,2,1,1,-2,-2,-1
"193","S17","Fear","male",31,"disagree_strong","college_some","independent","no",0,"disagree_strong",0,0,-1,-1,0,2,-1,2,2,-2,0,1,2
"194","S17","Fear","male",31,"disagree_strong","college_some","independent","no",0,"disagree_strong",-2,2,-2,1,-2,1,2,2,2,-2,-2,-2,2
"195","S17","Fear","male",31,"disagree_strong","college_some","independent","no",0,"disagree_strong",-2,2,-2,-2,-2,2,-1,2,2,2,2,-2,0
"196","S17","Fear","male",31,"disagree_strong","college_some","independent","no",0,"disagree_strong",-2,2,0,1,-2,0,2,0,2,-1,2,-2,0
"197","S17","Fear","male",31,"disagree_strong","college_some","independent","no",0,"disagree_strong",-2,2,-2,0,0,2,-1,2,2,-1,1,-2,2
"198","S17","Fear","male",31,"disagree_strong","college_some","independent","no",0,"disagree_strong",-2,1,0,-2,-2,0,1,0,0,-1,2,-2,0
"199","S17","Fear","male",31,"disagree_strong","college_some","independent","no",0,"disagree_strong",-1,0,-2,-2,0,2,1,0,0,2,-1,-2,1
"200","S17","Fear","male",31,"disagree_strong","college_some","independent","no",0,"disagree_strong",-2,0,-2,-2,-2,1,2,0,0,-2,-1,0,1
"201","S17","Fear","male",31,"disagree_strong","college_some","independent","no",0,"disagree_strong",0,2,-2,-2,-2,2,2,2,1,2,2,-2,2
"202","S17","Fear","male",31,"disagree_strong","college_some","independent","no",0,"disagree_strong",-2,0,-2,-2,-2,0,-1,1,0,2,-1,0,2
"203","S17","Fear","male",31,"disagree_strong","college_some","independent","no",0,"disagree_strong",-2,0,0,-2,-2,0,2,2,0,2,2,-2,0
"204","S17","Fear","male",31,"disagree_strong","college_some","independent","no",0,"disagree_strong",0,2,-2,-2,0,2,0,2,0,-1,0,0,1
"205","S18","Fear","male",29,"disagree_strong","college_assocDegree","democrat","no_commited",0,"disagree_moderate",-2,2,-2,-2,-2,2,-2,2,-1,1,1,-2,2
"206","S18","Fear","male",29,"disagree_strong","college_assocDegree","democrat","no_commited",0,"disagree_moderate",-2,-1,2,-2,-2,1,-2,2,2,1,2,0,1
"207","S18","Fear","male",29,"disagree_strong","college_assocDegree","democrat","no_commited",0,"disagree_moderate",0,-1,-2,-2,0,-1,-2,2,-1,1,2,-2,1
"208","S18","Fear","male",29,"disagree_strong","college_assocDegree","democrat","no_commited",0,"disagree_moderate",-2,2,-2,0,-2,2,-2,2,2,2,1,-2,-1
"209","S18","Fear","male",29,"disagree_strong","college_assocDegree","democrat","no_commited",0,"disagree_moderate",-2,2,-2,-2,-2,2,2,-1,2,1,1,1,0
"210","S18","Fear","male",29,"disagree_strong","college_assocDegree","democrat","no_commited",0,"disagree_moderate",-1,2,2,-2,-2,2,2,1,2,2,2,-2,2
"211","S18","Fear","male",29,"disagree_strong","college_assocDegree","democrat","no_commited",0,"disagree_moderate",-2,-1,2,-2,-2,2,1,2,2,1,1,-2,-1
"212","S18","Fear","male",29,"disagree_strong","college_assocDegree","democrat","no_commited",0,"disagree_moderate",-2,2,-2,-2,-2,-1,-1,0,-1,2,-1,-2,2
"213","S18","Fear","male",29,"disagree_strong","college_assocDegree","democrat","no_commited",0,"disagree_moderate",-2,1,-1,-2,-2,0,-1,1,-1,2,1,2,2
"214","S18","Fear","male",29,"disagree_strong","college_assocDegree","democrat","no_commited",0,"disagree_moderate",-2,-1,2,0,-2,0,2,-1,-1,1,1,-2,2
"215","S18","Fear","male",29,"disagree_strong","college_assocDegree","democrat","no_commited",0,"disagree_moderate",-2,2,-2,-2,0,2,-1,1,2,2,2,-2,2
"216","S18","Fear","male",29,"disagree_strong","college_assocDegree","democrat","no_commited",0,"disagree_moderate",0,-1,-2,0,-2,1,2,0,-1,1,2,-2,0
"217","S19","Fear","female",67,"agree_strong","hs_diploma","republican","yes",2,"agree_strong",-2,-2,0,2,-2,1,-2,2,-1,2,2,-2,2
"218","S19","Fear","female",67,"agree_strong","hs_diploma","republican","yes",2,"agree_strong",-1,-2,-2,-2,-1,1,2,-1,-1,2,2,-2,0
"219","S19","Fear","female",67,"agree_strong","hs_diploma","republican","yes",2,"agree_strong",-2,1,2,-2,-2,0,-2,-2,2,1,2,0,-2
"220","S19","Fear","female",67,"agree_strong","hs_diploma","republican","yes",2,"agree_strong",0,1,-2,-2,0,2,2,2,2,-2,2,1,2
"221","S19","Fear","female",67,"agree_strong","hs_diploma","republican","yes",2,"agree_strong",-2,-2,2,-2,-2,2,-2,-2,-2,1,2,-1,2
"222","S19","Fear","female",67,"agree_strong","hs_diploma","republican","yes",2,"agree_strong",-2,2,-1,-2,-2,2,0,2,1,0,2,-2,1
"223","S19","Fear","female",67,"agree_strong","hs_diploma","republican","yes",2,"agree_strong",0,0,-2,-2,-2,2,2,2,2,2,2,0,2
"224","S19","Fear","female",67,"agree_strong","hs_diploma","republican","yes",2,"agree_strong",-2,2,-1,-2,-2,-1,-2,0,-2,-2,2,-2,0
"225","S19","Fear","female",67,"agree_strong","hs_diploma","republican","yes",2,"agree_strong",-2,-1,2,0,-2,2,1,2,-1,2,1,-1,0
"226","S19","Fear","female",67,"agree_strong","hs_diploma","republican","yes",2,"agree_strong",-2,2,-2,-2,0,2,2,0,0,2,2,-2,-1
"227","S19","Fear","female",67,"agree_strong","hs_diploma","republican","yes",2,"agree_strong",1,-2,-2,-2,-2,2,-2,2,2,1,2,2,2
"228","S19","Fear","female",67,"agree_strong","hs_diploma","republican","yes",2,"agree_strong",-2,-2,-2,-1,-2,2,2,2,2,1,2,-2,2
"229","S20","Self-Control","female",34,"neither","college_bachDegree","independent","no",0,"agree_little",0,-1,0,-1,1,1,0,2,0,0,1,1,0
"230","S20","Self-Control","female",34,"neither","college_bachDegree","independent","no",0,"agree_little",1,0,0,1,-1,1,-1,1,1,-1,-1,1,1
"231","S20","Self-Control","female",34,"neither","college_bachDegree","independent","no",0,"agree_little",-1,-1,-1,-1,1,1,-1,1,-1,1,1,-1,-1
"232","S20","Self-Control","female",34,"neither","college_bachDegree","independent","no",0,"agree_little",1,1,-1,-1,-1,2,1,1,1,-1,1,-1,-1
"233","S20","Self-Control","female",34,"neither","college_bachDegree","independent","no",0,"agree_little",-1,-2,0,-1,1,2,-1,2,-2,-1,1,-1,-1
"234","S20","Self-Control","female",34,"neither","college_bachDegree","independent","no",0,"agree_little",1,1,-2,-1,-1,2,-1,1,-1,-1,1,-2,-1
"235","S20","Self-Control","female",34,"neither","college_bachDegree","independent","no",0,"agree_little",1,1,-1,1,1,1,-1,1,-2,1,-1,0,-1
"236","S20","Self-Control","female",34,"neither","college_bachDegree","independent","no",0,"agree_little",-2,1,-1,2,-1,1,-2,2,1,1,0,1,2
"237","S20","Self-Control","female",34,"neither","college_bachDegree","independent","no",0,"agree_little",-1,-1,-1,-1,1,1,-2,1,1,-2,1,-1,2
"238","S20","Self-Control","female",34,"neither","college_bachDegree","independent","no",0,"agree_little",-1,1,-1,1,-1,1,1,1,-1,-1,1,-1,0
"239","S20","Self-Control","female",34,"neither","college_bachDegree","independent","no",0,"agree_little",-1,-1,-1,2,1,-1,-1,1,-1,1,1,-1,-1
"240","S20","Self-Control","female",34,"neither","college_bachDegree","independent","no",0,"agree_little",-2,-1,-1,1,-1,1,1,1,1,-2,1,-1,2
"241","S21","Morality","male",32,"agree_little","college_assocDegree","independent","no",2,"neither",0,1,-2,-2,-2,1,0,2,-1,0,2,-1,1
"242","S21","Morality","male",32,"agree_little","college_assocDegree","independent","no",2,"neither",-1,1,0,-2,-1,1,-1,2,-1,1,2,1,2
"243","S21","Morality","male",32,"agree_little","college_assocDegree","independent","no",2,"neither",-2,-2,-2,-1,-1,2,1,2,-2,0,2,1,2
"244","S21","Morality","male",32,"agree_little","college_assocDegree","independent","no",2,"neither",-1,-1,-2,-2,0,-2,-1,2,-2,-2,2,-1,2
"245","S21","Morality","male",32,"agree_little","college_assocDegree","independent","no",2,"neither",-2,1,-2,0,-2,2,-2,2,2,-1,2,-1,2
"246","S21","Morality","male",32,"agree_little","college_assocDegree","independent","no",2,"neither",-1,1,-2,-2,-2,2,1,-1,1,-2,1,0,1
"247","S21","Morality","male",32,"agree_little","college_assocDegree","independent","no",2,"neither",-2,2,0,0,-1,2,-2,2,1,-2,2,-2,2
"248","S21","Morality","male",32,"agree_little","college_assocDegree","independent","no",2,"neither",0,1,0,-2,-2,2,0,2,-2,-2,2,1,2
"249","S21","Morality","male",32,"agree_little","college_assocDegree","independent","no",2,"neither",-2,2,-1,0,-2,2,-2,2,2,-1,-1,-2,2
"250","S21","Morality","male",32,"agree_little","college_assocDegree","independent","no",2,"neither",0,-2,-1,0,-2,1,0,2,2,0,-2,1,2
"251","S21","Morality","male",32,"agree_little","college_assocDegree","independent","no",2,"neither",-2,0,-2,0,0,0,-2,0,2,0,0,0,2
"252","S21","Morality","male",32,"agree_little","college_assocDegree","independent","no",2,"neither",0,2,0,0,0,2,-2,1,2,1,-1,-2,2
"253","S22","Self-Control","female",33,"disagree_strong","college_bachDegree","democrat","no_commited",0,"disagree_strong",-1,-2,0,-2,-2,2,-2,1,-2,-1,1,2,-2
"254","S22","Self-Control","female",33,"disagree_strong","college_bachDegree","democrat","no_commited",0,"disagree_strong",-2,-1,-2,-2,0,2,2,2,-2,2,2,1,2
"255","S22","Self-Control","female",33,"disagree_strong","college_bachDegree","democrat","no_commited",0,"disagree_strong",-2,-2,-2,-2,-2,2,-2,2,-2,2,2,2,2
"256","S22","Self-Control","female",33,"disagree_strong","college_bachDegree","democrat","no_commited",0,"disagree_strong",-2,2,-2,-2,-2,2,2,2,2,2,-2,2,2
"257","S22","Self-Control","female",33,"disagree_strong","college_bachDegree","democrat","no_commited",0,"disagree_strong",-2,-2,-2,-2,-2,2,-2,2,2,2,-2,2,2
"258","S22","Self-Control","female",33,"disagree_strong","college_bachDegree","democrat","no_commited",0,"disagree_strong",2,2,-2,-2,-2,2,-2,2,-2,1,2,2,2
"259","S22","Self-Control","female",33,"disagree_strong","college_bachDegree","democrat","no_commited",0,"disagree_strong",-2,2,-2,-2,0,2,-2,2,-1,-2,2,-2,-2
"260","S22","Self-Control","female",33,"disagree_strong","college_bachDegree","democrat","no_commited",0,"disagree_strong",-2,-2,-2,0,-2,2,2,-2,2,-2,2,-1,2
"261","S22","Self-Control","female",33,"disagree_strong","college_bachDegree","democrat","no_commited",0,"disagree_strong",2,0,-2,-2,-1,2,-2,2,2,2,2,-2,2
"262","S22","Self-Control","female",33,"disagree_strong","college_bachDegree","democrat","no_commited",0,"disagree_strong",-1,1,-2,-1,-2,2,1,2,2,-2,2,-2,2
"263","S22","Self-Control","female",33,"disagree_strong","college_bachDegree","democrat","no_commited",0,"disagree_strong",-2,2,-2,-2,-2,2,1,2,-2,2,-2,-1,2
"264","S22","Self-Control","female",33,"disagree_strong","college_bachDegree","democrat","no_commited",0,"disagree_strong",1,1,0,0,-2,2,-2,2,0,2,2,-2,-2
"265","S23","Hunger","male",NA,"disagree_strong","college_bachDegree","democrat","yes",0,"disagree_strong",-1,2,-2,-2,-2,-1,2,2,2,2,-2,1,-1
"266","S23","Hunger","male",NA,"disagree_strong","college_bachDegree","democrat","yes",0,"disagree_strong",2,1,-2,-2,-2,-1,-2,2,2,2,2,2,1
"267","S23","Hunger","male",NA,"disagree_strong","college_bachDegree","democrat","yes",0,"disagree_strong",-2,1,-2,-2,2,2,-2,0,1,2,2,-2,2
"268","S23","Hunger","male",NA,"disagree_strong","college_bachDegree","democrat","yes",0,"disagree_strong",-2,2,-2,-2,-2,-1,2,2,1,2,-2,-2,2
"269","S23","Hunger","male",NA,"disagree_strong","college_bachDegree","democrat","yes",0,"disagree_strong",-2,2,-2,-2,0,2,-2,-1,2,-2,1,-2,2
"270","S23","Hunger","male",NA,"disagree_strong","college_bachDegree","democrat","yes",0,"disagree_strong",2,2,0,0,-2,-1,-2,1,1,-2,2,-2,0
"271","S23","Hunger","male",NA,"disagree_strong","college_bachDegree","democrat","yes",0,"disagree_strong",-2,2,-2,-2,-2,2,-2,2,2,-1,2,-2,1
"272","S23","Hunger","male",NA,"disagree_strong","college_bachDegree","democrat","yes",0,"disagree_strong",-2,2,-2,0,-2,2,-2,2,2,-1,-1,-2,2
"273","S23","Hunger","male",NA,"disagree_strong","college_bachDegree","democrat","yes",0,"disagree_strong",-2,2,-2,-2,-2,-1,2,2,-1,2,-1,-2,1
"274","S23","Hunger","male",NA,"disagree_strong","college_bachDegree","democrat","yes",0,"disagree_strong",-2,2,-2,-2,-2,2,2,2,2,1,2,2,2
"275","S23","Hunger","male",NA,"disagree_strong","college_bachDegree","democrat","yes",0,"disagree_strong",1,1,-2,-2,-1,2,0,-1,0,0,0,2,2
"276","S23","Hunger","male",NA,"disagree_strong","college_bachDegree","democrat","yes",0,"disagree_strong",-2,0,-2,-2,-2,-1,-2,1,2,2,2,0,1
"277","S24","Self-Control","male",32,"disagree_strong","hs_diploma","democrat","no",0,"disagree_strong",-2,1,-2,-1,0,2,0,2,0,-1,1,0,2
"278","S24","Self-Control","male",32,"disagree_strong","hs_diploma","democrat","no",0,"disagree_strong",-2,2,0,0,0,2,-2,2,0,0,2,-2,2
"279","S24","Self-Control","male",32,"disagree_strong","hs_diploma","democrat","no",0,"disagree_strong",0,-2,0,-2,0,2,0,0,-2,-2,2,0,0
"280","S24","Self-Control","male",32,"disagree_strong","hs_diploma","democrat","no",0,"disagree_strong",-2,-2,0,-2,-2,0,0,2,-2,0,2,-2,2
"281","S24","Self-Control","male",32,"disagree_strong","hs_diploma","democrat","no",0,"disagree_strong",0,2,-2,0,0,2,0,0,0,-2,2,-2,2
"282","S24","Self-Control","male",32,"disagree_strong","hs_diploma","democrat","no",0,"disagree_strong",0,-2,0,0,0,2,-2,2,1,0,2,-2,2
"283","S24","Self-Control","male",32,"disagree_strong","hs_diploma","democrat","no",0,"disagree_strong",0,1,-2,0,0,2,0,2,1,0,-2,0,0
"284","S24","Self-Control","male",32,"disagree_strong","hs_diploma","democrat","no",0,"disagree_strong",0,1,-1,-2,-2,2,-1,2,1,0,-2,0,2
"285","S24","Self-Control","male",32,"disagree_strong","hs_diploma","democrat","no",0,"disagree_strong",-1,1,0,0,-1,2,0,2,-2,-2,2,0,2
"286","S24","Self-Control","male",32,"disagree_strong","hs_diploma","democrat","no",0,"disagree_strong",0,-1,0,0,-2,0,-2,2,1,0,2,0,2
"287","S24","Self-Control","male",32,"disagree_strong","hs_diploma","democrat","no",0,"disagree_strong",-2,2,-1,-2,-1,2,-2,2,-2,0,-2,0,2
"288","S24","Self-Control","male",32,"disagree_strong","hs_diploma","democrat","no",0,"disagree_strong",0,1,-2,-1,-2,2,-2,2,-1,-2,1,-2,2
"289","S25","Self-Control","female",32,"agree_little","college_bachDegree","republican","yes",0,"agree_little",-2,-2,-2,2,-2,2,1,2,-1,2,-2,2,2
"290","S25","Self-Control","female",32,"agree_little","college_bachDegree","republican","yes",0,"agree_little",-2,2,-2,-2,-2,2,-2,2,2,-2,-2,2,2
"291","S25","Self-Control","female",32,"agree_little","college_bachDegree","republican","yes",0,"agree_little",-2,-2,-2,2,-2,-2,2,-2,-2,2,2,-2,2
"292","S25","Self-Control","female",32,"agree_little","college_bachDegree","republican","yes",0,"agree_little",-2,-2,-2,2,-2,2,2,2,2,2,-2,-2,2
"293","S25","Self-Control","female",32,"agree_little","college_bachDegree","republican","yes",0,"agree_little",-2,2,-2,2,2,2,2,2,2,2,-2,2,2
"294","S25","Self-Control","female",32,"agree_little","college_bachDegree","republican","yes",0,"agree_little",-2,-2,-2,2,2,-2,2,-2,-2,-2,-2,2,2
"295","S25","Self-Control","female",32,"agree_little","college_bachDegree","republican","yes",0,"agree_little",2,-2,-2,2,-2,2,-2,2,-2,-2,-2,2,2
"296","S25","Self-Control","female",32,"agree_little","college_bachDegree","republican","yes",0,"agree_little",-2,2,-2,-2,-2,-2,2,2,2,-2,2,2,-2
"297","S25","Self-Control","female",32,"agree_little","college_bachDegree","republican","yes",0,"agree_little",-2,-2,-2,2,-2,-2,2,2,2,-2,-2,2,2
"298","S25","Self-Control","female",32,"agree_little","college_bachDegree","republican","yes",0,"agree_little",-2,-2,2,2,-2,2,-2,2,2,-2,-2,2,-2
"299","S25","Self-Control","female",32,"agree_little","college_bachDegree","republican","yes",0,"agree_little",-2,2,-2,2,-2,2,-2,-2,2,-2,2,2,2
"300","S25","Self-Control","female",32,"agree_little","college_bachDegree","republican","yes",0,"agree_little",-2,-2,-2,2,-2,2,2,2,-2,2,2,-2,2
"301","S26","Morality","female",28,"disagree_strong","grad_degree","democrat","yes",0,"disagree_strong",0,2,-2,-2,-2,2,-2,2,2,-2,2,0,2
"302","S26","Morality","female",28,"disagree_strong","grad_degree","democrat","yes",0,"disagree_strong",0,-2,0,0,-2,2,0,2,-2,0,2,-2,2
"303","S26","Morality","female",28,"disagree_strong","grad_degree","democrat","yes",0,"disagree_strong",-2,0,0,-2,-2,0,2,2,0,2,-2,0,2
"304","S26","Morality","female",28,"disagree_strong","grad_degree","democrat","yes",0,"disagree_strong",2,2,-2,-2,-2,2,2,2,1,2,-2,-2,2
"305","S26","Morality","female",28,"disagree_strong","grad_degree","democrat","yes",0,"disagree_strong",-2,0,0,-2,-2,2,-1,2,0,0,2,-1,2
"306","S26","Morality","female",28,"disagree_strong","grad_degree","democrat","yes",0,"disagree_strong",-2,1,-2,-2,-2,2,-2,0,1,-2,2,-2,2
"307","S26","Morality","female",28,"disagree_strong","grad_degree","democrat","yes",0,"disagree_strong",1,-2,1,-2,-2,2,-2,2,0,-2,2,-2,2
"308","S26","Morality","female",28,"disagree_strong","grad_degree","democrat","yes",0,"disagree_strong",0,-2,0,-2,-1,0,2,2,-2,-1,2,-1,2
"309","S26","Morality","female",28,"disagree_strong","grad_degree","democrat","yes",0,"disagree_strong",1,2,-2,0,0,2,0,2,0,1,2,-2,0
"310","S26","Morality","female",28,"disagree_strong","grad_degree","democrat","yes",0,"disagree_strong",1,0,-2,-1,-1,1,-1,0,-2,1,2,-1,0
"311","S26","Morality","female",28,"disagree_strong","grad_degree","democrat","yes",0,"disagree_strong",0,-2,1,-1,-2,2,-1,2,-2,1,-1,-2,2
"312","S26","Morality","female",28,"disagree_strong","grad_degree","democrat","yes",0,"disagree_strong",-2,2,-1,-2,1,2,-2,2,1,-2,2,-1,2
"313","S27","Fear","female",27,"disagree_strong","grad_degree","democrat","yes",0,"disagree_moderate",-2,0,-2,0,-2,0,2,0,2,2,0,0,0
"314","S27","Fear","female",27,"disagree_strong","grad_degree","democrat","yes",0,"disagree_moderate",0,2,-2,-2,-2,0,0,0,0,0,2,-2,2
"315","S27","Fear","female",27,"disagree_strong","grad_degree","democrat","yes",0,"disagree_moderate",-2,0,-2,0,-2,0,0,2,0,2,0,-2,0
"316","S27","Fear","female",27,"disagree_strong","grad_degree","democrat","yes",0,"disagree_moderate",0,2,-2,0,-2,0,0,0,2,0,0,0,0
"317","S27","Fear","female",27,"disagree_strong","grad_degree","democrat","yes",0,"disagree_moderate",0,2,-2,-2,0,0,0,0,0,2,2,-2,2
"318","S27","Fear","female",27,"disagree_strong","grad_degree","democrat","yes",0,"disagree_moderate",-2,0,-2,-2,-2,0,0,0,0,0,2,0,2
"319","S27","Fear","female",27,"disagree_strong","grad_degree","democrat","yes",0,"disagree_moderate",-2,0,0,0,0,2,0,2,2,2,2,-2,0
"320","S27","Fear","female",27,"disagree_strong","grad_degree","democrat","yes",0,"disagree_moderate",-2,2,0,-2,-2,2,2,2,0,0,0,-2,2
"321","S27","Fear","female",27,"disagree_strong","grad_degree","democrat","yes",0,"disagree_moderate",-2,0,0,-2,0,0,0,0,0,0,2,-2,0
"322","S27","Fear","female",27,"disagree_strong","grad_degree","democrat","yes",0,"disagree_moderate",-2,0,-2,-2,-2,2,2,0,2,0,0,-2,2
"323","S27","Fear","female",27,"disagree_strong","grad_degree","democrat","yes",0,"disagree_moderate",0,2,-2,-2,0,2,2,2,2,0,0,0,0
"324","S27","Fear","female",27,"disagree_strong","grad_degree","democrat","yes",0,"disagree_moderate",-2,0,0,-2,-2,2,2,2,0,2,0,-2,0
"325","S28","Hunger","female",29,"disagree_strong","grad_some","independent","no_commited",0,"neither",-2,2,1,-2,0,2,0,2,2,2,0,-2,2
"326","S28","Hunger","female",29,"disagree_strong","grad_some","independent","no_commited",0,"neither",-2,0,0,-2,0,0,0,0,0,0,0,0,2
"327","S28","Hunger","female",29,"disagree_strong","grad_some","independent","no_commited",0,"neither",-2,2,0,0,-1,2,0,2,0,2,0,-2,0
"328","S28","Hunger","female",29,"disagree_strong","grad_some","independent","no_commited",0,"neither",1,0,1,-1,-2,2,0,2,0,0,2,-2,2
"329","S28","Hunger","female",29,"disagree_strong","grad_some","independent","no_commited",0,"neither",-2,0,-2,-2,-2,0,0,0,0,2,0,-2,0
"330","S28","Hunger","female",29,"disagree_strong","grad_some","independent","no_commited",0,"neither",-2,0,-2,-2,-2,0,0,0,2,0,2,-2,-2
"331","S28","Hunger","female",29,"disagree_strong","grad_some","independent","no_commited",0,"neither",1,1,2,-2,-2,2,2,0,0,2,0,-2,0
"332","S28","Hunger","female",29,"disagree_strong","grad_some","independent","no_commited",0,"neither",-1,2,-2,-2,-2,0,2,2,2,2,2,-1,0
"333","S28","Hunger","female",29,"disagree_strong","grad_some","independent","no_commited",0,"neither",-2,0,-1,0,-2,1,0,0,0,0,2,-2,2
"334","S28","Hunger","female",29,"disagree_strong","grad_some","independent","no_commited",0,"neither",-2,0,-1,-2,-2,0,2,0,2,0,1,-2,2
"335","S28","Hunger","female",29,"disagree_strong","grad_some","independent","no_commited",0,"neither",-2,0,-1,-2,-2,2,0,0,2,0,0,-2,0
"336","S28","Hunger","female",29,"disagree_strong","grad_some","independent","no_commited",0,"neither",1,2,2,-2,-1,0,2,0,0,0,0,0,0
"337","S29","Morality","male",24,"neither","college_bachDegree","democrat","no",0,"neither",-2,-1,-1,1,-1,1,0,0,-1,2,0,1,2
"338","S29","Morality","male",24,"neither","college_bachDegree","democrat","no",0,"neither",0,-1,1,-1,-1,1,-1,-2,-1,1,-2,1,2
"339","S29","Morality","male",24,"neither","college_bachDegree","democrat","no",0,"neither",-1,-1,-1,1,-1,1,-1,1,0,-1,1,1,1
"340","S29","Morality","male",24,"neither","college_bachDegree","democrat","no",0,"neither",-1,-1,-1,1,-1,1,-1,1,-1,1,1,-1,-1
"341","S29","Morality","male",24,"neither","college_bachDegree","democrat","no",0,"neither",-1,1,1,1,-1,1,0,-1,-1,1,1,-1,1
"342","S29","Morality","male",24,"neither","college_bachDegree","democrat","no",0,"neither",-1,1,-1,1,-1,1,-1,0,-1,1,1,1,2
"343","S29","Morality","male",24,"neither","college_bachDegree","democrat","no",0,"neither",0,0,0,1,0,0,-2,1,-1,1,1,1,1
"344","S29","Morality","male",24,"neither","college_bachDegree","democrat","no",0,"neither",0,-1,-1,0,-1,1,0,0,1,-1,1,1,1
"345","S29","Morality","male",24,"neither","college_bachDegree","democrat","no",0,"neither",-1,-1,-1,1,-1,-1,0,1,0,1,-1,1,1
"346","S29","Morality","male",24,"neither","college_bachDegree","democrat","no",0,"neither",0,-1,0,-1,0,1,-1,1,-1,-1,1,-1,1
"347","S29","Morality","male",24,"neither","college_bachDegree","democrat","no",0,"neither",-1,0,-1,-1,-1,1,0,1,0,1,1,1,-1
"348","S29","Morality","male",24,"neither","college_bachDegree","democrat","no",0,"neither",-1,0,-1,1,0,1,-1,1,-1,-1,1,-1,1
"349","S30","Hunger","female",60,"agree_strong","college_bachDegree","democrat","no_commited",0,"agree_strong",-2,0,-2,-2,-2,0,2,2,0,2,0,-1,2
"350","S30","Hunger","female",60,"agree_strong","college_bachDegree","democrat","no_commited",0,"agree_strong",1,2,1,-2,-2,2,0,0,0,1,2,-2,-2
"351","S30","Hunger","female",60,"agree_strong","college_bachDegree","democrat","no_commited",0,"agree_strong",-2,2,-1,-2,-1,2,0,2,1,2,1,0,0
"352","S30","Hunger","female",60,"agree_strong","college_bachDegree","democrat","no_commited",0,"agree_strong",-2,0,-1,-2,-2,0,2,2,0,2,2,-2,0
"353","S30","Hunger","female",60,"agree_strong","college_bachDegree","democrat","no_commited",0,"agree_strong",-2,2,-2,-1,-2,-1,0,0,2,1,2,-2,2
"354","S30","Hunger","female",60,"agree_strong","college_bachDegree","democrat","no_commited",0,"agree_strong",1,0,-1,1,0,0,0,0,0,2,0,-2,0
"355","S30","Hunger","female",60,"agree_strong","college_bachDegree","democrat","no_commited",0,"agree_strong",-2,2,-1,-2,-2,0,0,0,0,0,0,-1,0
"356","S30","Hunger","female",60,"agree_strong","college_bachDegree","democrat","no_commited",0,"agree_strong",-2,0,2,-2,0,2,2,1,2,2,0,-2,1
"357","S30","Hunger","female",60,"agree_strong","college_bachDegree","democrat","no_commited",0,"agree_strong",-2,0,-1,0,-2,2,0,0,2,0,0,-2,0
"358","S30","Hunger","female",60,"agree_strong","college_bachDegree","democrat","no_commited",0,"agree_strong",0,0,1,-2,-2,0,0,0,0,0,2,-2,2
"359","S30","Hunger","female",60,"agree_strong","college_bachDegree","democrat","no_commited",0,"agree_strong",-2,0,1,-1,0,0,2,2,2,0,0,-2,2
"360","S30","Hunger","female",60,"agree_strong","college_bachDegree","democrat","no_commited",0,"agree_strong",-1,2,-2,-2,-2,2,2,0,0,0,0,-2,0
"361","S31","Fear","female",31,"disagree_strong","college_assocDegree","independent","yes",0,"disagree_strong",-2,2,-2,-2,2,2,-2,2,2,-2,2,-2,2
"362","S31","Fear","female",31,"disagree_strong","college_assocDegree","independent","yes",0,"disagree_strong",-2,2,-2,-2,-2,2,2,2,2,-2,0,2,0
"363","S31","Fear","female",31,"disagree_strong","college_assocDegree","independent","yes",0,"disagree_strong",-2,-1,2,-2,-2,0,-2,0,-2,2,2,2,0
"364","S31","Fear","female",31,"disagree_strong","college_assocDegree","independent","yes",0,"disagree_strong",-2,0,-2,-2,-2,2,-2,2,2,-2,0,2,2
"365","S31","Fear","female",31,"disagree_strong","college_assocDegree","independent","yes",0,"disagree_strong",-2,2,2,-2,-2,2,2,0,2,2,1,-2,2
"366","S31","Fear","female",31,"disagree_strong","college_assocDegree","independent","yes",0,"disagree_strong",2,-1,-2,-2,-2,2,2,1,0,2,2,-2,0
"367","S31","Fear","female",31,"disagree_strong","college_assocDegree","independent","yes",0,"disagree_strong",-2,1,-2,-2,-2,2,2,2,2,-2,2,-2,2
"368","S31","Fear","female",31,"disagree_strong","college_assocDegree","independent","yes",0,"disagree_strong",-2,2,-2,-2,0,2,-1,2,-2,2,0,2,1
"369","S31","Fear","female",31,"disagree_strong","college_assocDegree","independent","yes",0,"disagree_strong",-2,2,-2,-2,-2,1,-1,0,-1,2,2,-2,2
"370","S31","Fear","female",31,"disagree_strong","college_assocDegree","independent","yes",0,"disagree_strong",0,-2,2,-2,-2,1,-2,1,2,1,1,-2,2
"371","S31","Fear","female",31,"disagree_strong","college_assocDegree","independent","yes",0,"disagree_strong",-2,-1,-2,-2,-2,0,-2,2,-1,-1,2,-2,2
"372","S31","Fear","female",31,"disagree_strong","college_assocDegree","independent","yes",0,"disagree_strong",-2,2,-2,-2,-2,0,2,2,2,-1,2,-2,2
"373","S32","Morality","male",30,"disagree_strong","hs_diploma","democrat","no",0,"neither",-2,2,-2,0,-2,2,-1,2,-1,-2,2,2,2
"374","S32","Morality","male",30,"disagree_strong","hs_diploma","democrat","no",0,"neither",-2,2,-2,-2,0,2,-2,2,-1,1,1,2,2
"375","S32","Morality","male",30,"disagree_strong","hs_diploma","democrat","no",0,"neither",1,2,0,-2,-1,-1,1,-2,-1,1,1,2,1
"376","S32","Morality","male",30,"disagree_strong","hs_diploma","democrat","no",0,"neither",-1,1,-1,-2,-2,-1,-2,2,-1,2,2,-2,2
"377","S32","Morality","male",30,"disagree_strong","hs_diploma","democrat","no",0,"neither",1,2,0,0,-2,2,1,1,2,-2,2,-2,1
"378","S32","Morality","male",30,"disagree_strong","hs_diploma","democrat","no",0,"neither",1,-1,-2,-1,-1,2,-2,-1,-1,1,2,-2,2
"379","S32","Morality","male",30,"disagree_strong","hs_diploma","democrat","no",0,"neither",-2,-1,-2,-2,-1,1,-2,-2,2,-2,1,-2,2
"380","S32","Morality","male",30,"disagree_strong","hs_diploma","democrat","no",0,"neither",-2,-1,-2,-1,-2,1,-2,2,1,2,0,2,2
"381","S32","Morality","male",30,"disagree_strong","hs_diploma","democrat","no",0,"neither",-2,2,-2,-2,-2,2,2,1,2,-2,2,-1,1
"382","S32","Morality","male",30,"disagree_strong","hs_diploma","democrat","no",0,"neither",-2,2,-2,-2,0,2,-2,2,2,-1,2,-2,2
"383","S32","Morality","male",30,"disagree_strong","hs_diploma","democrat","no",0,"neither",-2,-1,-2,-2,-2,1,-2,2,2,1,2,2,0
"384","S32","Morality","male",30,"disagree_strong","hs_diploma","democrat","no",0,"neither",1,2,-2,-2,-2,2,-1,2,2,-2,2,-2,2
"385","S33","Hunger","female",25,"agree_little","hs_diploma","democrat","yes",0,"agree_little",-2,2,-2,0,-2,2,-2,2,2,-2,1,-2,2
"386","S33","Hunger","female",25,"agree_little","hs_diploma","democrat","yes",0,"agree_little",-1,1,-2,-2,0,2,-2,1,-1,-1,2,-2,2
"387","S33","Hunger","female",25,"agree_little","hs_diploma","democrat","yes",0,"agree_little",1,2,-2,0,-1,2,-1,0,2,-1,1,0,1
"388","S33","Hunger","female",25,"agree_little","hs_diploma","democrat","yes",0,"agree_little",-1,1,1,-1,-1,1,-1,1,-2,-2,2,-1,0
"389","S33","Hunger","female",25,"agree_little","hs_diploma","democrat","yes",0,"agree_little",1,0,1,-1,-2,0,1,2,1,0,-1,-1,2
"390","S33","Hunger","female",25,"agree_little","hs_diploma","democrat","yes",0,"agree_little",-1,-1,0,-1,-1,1,-2,2,1,2,-2,-1,-1
"391","S33","Hunger","female",25,"agree_little","hs_diploma","democrat","yes",0,"agree_little",1,2,-1,-2,-2,2,1,2,1,1,1,-1,0
"392","S33","Hunger","female",25,"agree_little","hs_diploma","democrat","yes",0,"agree_little",-2,1,-1,-2,-1,1,-2,2,1,-1,1,-2,1
"393","S33","Hunger","female",25,"agree_little","hs_diploma","democrat","yes",0,"agree_little",-1,2,0,-1,-2,1,2,0,-1,1,1,-1,1
"394","S33","Hunger","female",25,"agree_little","hs_diploma","democrat","yes",0,"agree_little",0,2,1,-2,-1,0,2,1,0,1,1,-1,0
"395","S33","Hunger","female",25,"agree_little","hs_diploma","democrat","yes",0,"agree_little",-1,-2,-2,-1,-1,2,-1,1,2,1,-2,0,2
"396","S33","Hunger","female",25,"agree_little","hs_diploma","democrat","yes",0,"agree_little",-2,2,1,-2,0,1,-1,2,2,0,-1,-1,-2
"397","S34","Hunger","female",23,"disagree_strong","college_some","independent","no_commited",0,"disagree_strong",-2,0,-2,0,0,0,2,0,0,0,2,-2,2
"398","S34","Hunger","female",23,"disagree_strong","college_some","independent","no_commited",0,"disagree_strong",0,0,-2,-2,-2,0,2,0,0,0,0,-2,2
"399","S34","Hunger","female",23,"disagree_strong","college_some","independent","no_commited",0,"disagree_strong",-2,0,-2,-2,-2,0,0,2,0,2,2,-2,0
"400","S34","Hunger","female",23,"disagree_strong","college_some","independent","no_commited",0,"disagree_strong",-2,2,0,-2,2,0,0,0,2,2,0,-2,2
"401","S34","Hunger","female",23,"disagree_strong","college_some","independent","no_commited",0,"disagree_strong",-2,2,2,-2,-2,0,0,2,2,0,0,-2,0
"402","S34","Hunger","female",23,"disagree_strong","college_some","independent","no_commited",0,"disagree_strong",2,0,-2,-2,0,0,0,0,0,2,0,-2,0
"403","S34","Hunger","female",23,"disagree_strong","college_some","independent","no_commited",0,"disagree_strong",-2,-2,2,-2,-2,2,0,2,2,0,2,-2,0
"404","S34","Hunger","female",23,"disagree_strong","college_some","independent","no_commited",0,"disagree_strong",-2,2,-2,-2,-2,2,2,0,-2,0,0,-2,0
"405","S34","Hunger","female",23,"disagree_strong","college_some","independent","no_commited",0,"disagree_strong",2,2,-2,-2,-2,0,2,0,2,0,0,-2,2
"406","S34","Hunger","female",23,"disagree_strong","college_some","independent","no_commited",0,"disagree_strong",-2,2,2,-2,-2,2,2,0,0,2,2,-2,0
"407","S34","Hunger","female",23,"disagree_strong","college_some","independent","no_commited",0,"disagree_strong",2,0,-2,0,-2,2,2,0,2,0,2,0,0
"408","S34","Hunger","female",23,"disagree_strong","college_some","independent","no_commited",0,"disagree_strong",-2,0,-2,-2,-2,2,0,2,0,2,2,-2,2
"409","S35","Fear","female",41,"disagree_strong","hs_diploma","independent","yes",1,"neither",0,2,-1,-1,1,0,1,1,-1,0,0,-2,2
"410","S35","Fear","female",41,"disagree_strong","hs_diploma","independent","yes",1,"neither",0,1,1,-2,-2,1,-1,1,0,2,0,-2,0
"411","S35","Fear","female",41,"disagree_strong","hs_diploma","independent","yes",1,"neither",0,-1,-1,-2,-1,2,2,2,1,2,0,-2,0
"412","S35","Fear","female",41,"disagree_strong","hs_diploma","independent","yes",1,"neither",0,-1,-1,-2,-2,0,2,2,1,0,2,-2,0
"413","S35","Fear","female",41,"disagree_strong","hs_diploma","independent","yes",1,"neither",0,0,1,-2,-2,2,-1,0,-1,2,1,-1,2
"414","S35","Fear","female",41,"disagree_strong","hs_diploma","independent","yes",1,"neither",1,0,0,-2,-2,2,-1,2,2,0,0,-2,1
"415","S35","Fear","female",41,"disagree_strong","hs_diploma","independent","yes",1,"neither",2,1,-1,-2,-2,1,-2,1,2,2,2,-2,0
"416","S35","Fear","female",41,"disagree_strong","hs_diploma","independent","yes",1,"neither",0,0,2,-2,-2,2,-2,0,0,0,0,-1,0
"417","S35","Fear","female",41,"disagree_strong","hs_diploma","independent","yes",1,"neither",0,2,-1,1,-2,1,-2,0,0,0,0,-2,0
"418","S35","Fear","female",41,"disagree_strong","hs_diploma","independent","yes",1,"neither",2,0,-1,-2,-2,0,-1,1,2,0,2,-2,2
"419","S35","Fear","female",41,"disagree_strong","hs_diploma","independent","yes",1,"neither",1,0,0,-2,0,0,-1,0,0,0,1,0,2
"420","S35","Fear","female",41,"disagree_strong","hs_diploma","independent","yes",1,"neither",0,2,-1,-2,-2,0,2,0,0,0,0,-1,0
"421","S36","Self-Control","male",26,"neither","college_bachDegree","republican","yes",0,"agree_strong",1,2,2,2,-2,2,2,2,2,-2,-1,-2,-2
"422","S36","Self-Control","male",26,"neither","college_bachDegree","republican","yes",0,"agree_strong",2,2,-2,-2,-2,2,0,2,2,0,2,-2,-2
"423","S36","Self-Control","male",26,"neither","college_bachDegree","republican","yes",0,"agree_strong",2,-2,-1,-2,-2,2,-1,2,-2,-2,-2,-1,1
"424","S36","Self-Control","male",26,"neither","college_bachDegree","republican","yes",0,"agree_strong",1,-2,-2,2,-2,2,-2,-2,2,-2,2,1,2
"425","S36","Self-Control","male",26,"neither","college_bachDegree","republican","yes",0,"agree_strong",2,2,-2,2,-1,2,-2,2,-2,1,-2,-1,-2
"426","S36","Self-Control","male",26,"neither","college_bachDegree","republican","yes",0,"agree_strong",1,-2,-2,2,-2,2,2,2,2,-2,2,-2,2
"427","S36","Self-Control","male",26,"neither","college_bachDegree","republican","yes",0,"agree_strong",2,2,-2,2,-2,2,-2,2,2,-2,-2,-2,-2
"428","S36","Self-Control","male",26,"neither","college_bachDegree","republican","yes",0,"agree_strong",1,-1,-1,2,-2,2,-2,-2,2,-1,1,-2,2
"429","S36","Self-Control","male",26,"neither","college_bachDegree","republican","yes",0,"agree_strong",1,2,-2,2,-2,2,-2,2,-2,2,2,0,2
"430","S36","Self-Control","male",26,"neither","college_bachDegree","republican","yes",0,"agree_strong",-2,2,-2,2,-2,2,-2,2,2,-2,2,-2,-2
"431","S36","Self-Control","male",26,"neither","college_bachDegree","republican","yes",0,"agree_strong",-2,2,-2,2,-2,0,-2,-2,-2,2,-1,0,2
"432","S36","Self-Control","male",26,"neither","college_bachDegree","republican","yes",0,"agree_strong",0,2,-2,2,-2,1,0,-2,0,-2,2,2,-2
"433","S37","Fear","male",23,"disagree_strong","hs_diploma","independent","no",0,"disagree_little",-1,0,2,0,-2,0,0,2,0,1,0,-2,0
"434","S37","Fear","male",23,"disagree_strong","hs_diploma","independent","no",0,"disagree_little",0,0,-2,-2,-2,2,2,2,2,2,0,-2,2
"435","S37","Fear","male",23,"disagree_strong","hs_diploma","independent","no",0,"disagree_little",-1,2,-1,-2,-2,1,0,0,1,0,2,-2,0
"436","S37","Fear","male",23,"disagree_strong","hs_diploma","independent","no",0,"disagree_little",-2,2,2,-2,-2,2,2,0,0,0,0,-2,0
"437","S37","Fear","male",23,"disagree_strong","hs_diploma","independent","no",0,"disagree_little",-2,1,1,-2,0,0,0,1,0,0,0,0,0
"438","S37","Fear","male",23,"disagree_strong","hs_diploma","independent","no",0,"disagree_little",-1,0,2,0,-2,0,0,2,0,2,0,0,1
"439","S37","Fear","male",23,"disagree_strong","hs_diploma","independent","no",0,"disagree_little",-1,0,-1,-2,-2,0,0,0,0,2,0,-2,0
"440","S37","Fear","male",23,"disagree_strong","hs_diploma","independent","no",0,"disagree_little",0,0,-1,-2,0,0,0,0,0,0,2,-2,0
"441","S37","Fear","male",23,"disagree_strong","hs_diploma","independent","no",0,"disagree_little",-1,0,-2,-2,-2,0,0,0,2,1,2,-2,2
"442","S37","Fear","male",23,"disagree_strong","hs_diploma","independent","no",0,"disagree_little",-1,0,-2,-2,-2,2,2,2,2,0,2,0,2
"443","S37","Fear","male",23,"disagree_strong","hs_diploma","independent","no",0,"disagree_little",0,2,-2,0,0,2,1,0,0,0,0,-2,0
"444","S37","Fear","male",23,"disagree_strong","hs_diploma","independent","no",0,"disagree_little",-2,2,-2,-2,-2,0,2,0,2,0,2,-2,2
"445","S38","Fear","female",31,"agree_strong","hs_diploma","democrat","yes",2,"agree_strong",-1,0,-2,-2,-2,0,-1,-2,2,-2,2,-2,2
"446","S38","Fear","female",31,"agree_strong","hs_diploma","democrat","yes",2,"agree_strong",1,0,-1,-2,-1,1,-2,0,2,0,2,-2,0
"447","S38","Fear","female",31,"agree_strong","hs_diploma","democrat","yes",2,"agree_strong",0,2,-1,2,-2,1,-2,0,0,2,2,-2,0
"448","S38","Fear","female",31,"agree_strong","hs_diploma","democrat","yes",2,"agree_strong",-2,0,-1,-1,-2,0,-1,2,1,0,2,-1,0
"449","S38","Fear","female",31,"agree_strong","hs_diploma","democrat","yes",2,"agree_strong",-2,0,1,-1,-1,1,-2,1,-1,2,2,1,0
"450","S38","Fear","female",31,"agree_strong","hs_diploma","democrat","yes",2,"agree_strong",-1,0,2,-2,-1,2,1,2,-2,-1,0,-1,1
"451","S38","Fear","female",31,"agree_strong","hs_diploma","democrat","yes",2,"agree_strong",2,1,2,-2,-2,1,1,0,2,1,1,-2,1
"452","S38","Fear","female",31,"agree_strong","hs_diploma","democrat","yes",2,"agree_strong",2,1,1,-2,-2,0,-1,0,2,0,0,-1,2
"453","S38","Fear","female",31,"agree_strong","hs_diploma","democrat","yes",2,"agree_strong",-2,2,0,-1,-2,2,-2,2,-2,2,1,-1,2
"454","S38","Fear","female",31,"agree_strong","hs_diploma","democrat","yes",2,"agree_strong",2,0,-2,-1,-2,2,-2,2,1,2,1,1,-2
"455","S38","Fear","female",31,"agree_strong","hs_diploma","democrat","yes",2,"agree_strong",-1,1,2,-2,-1,1,1,1,-1,1,2,-2,-1
"456","S38","Fear","female",31,"agree_strong","hs_diploma","democrat","yes",2,"agree_strong",-1,1,-1,-1,-2,2,-1,2,-1,1,0,-2,1
"457","S39","Hunger","male",28,"disagree_moderate","college_bachDegree","democrat","no",0,"disagree_little",1,2,1,-2,-2,0,-1,2,0,2,0,-2,0
"458","S39","Hunger","male",28,"disagree_moderate","college_bachDegree","democrat","no",0,"disagree_little",0,0,-1,-2,-2,2,2,0,2,0,0,-2,2
"459","S39","Hunger","male",28,"disagree_moderate","college_bachDegree","democrat","no",0,"disagree_little",-1,0,-1,-2,-2,0,-1,0,0,2,1,-2,1
"460","S39","Hunger","male",28,"disagree_moderate","college_bachDegree","democrat","no",0,"disagree_little",1,2,0,-2,-2,2,1,0,2,1,2,-2,1
"461","S39","Hunger","male",28,"disagree_moderate","college_bachDegree","democrat","no",0,"disagree_little",-1,1,-1,-2,-2,0,2,1,2,0,0,-1,2
"462","S39","Hunger","male",28,"disagree_moderate","college_bachDegree","democrat","no",0,"disagree_little",-1,0,-1,-1,-2,0,1,0,0,-1,0,-2,2
"463","S39","Hunger","male",28,"disagree_moderate","college_bachDegree","democrat","no",0,"disagree_little",-1,1,1,-2,0,1,-1,0,0,0,2,-2,0
"464","S39","Hunger","male",28,"disagree_moderate","college_bachDegree","democrat","no",0,"disagree_little",-1,0,-1,-1,-2,2,-1,1,1,-1,1,0,1
"465","S39","Hunger","male",28,"disagree_moderate","college_bachDegree","democrat","no",0,"disagree_little",1,2,-1,0,-1,1,1,2,1,1,0,-1,0
"466","S39","Hunger","male",28,"disagree_moderate","college_bachDegree","democrat","no",0,"disagree_little",-1,0,-1,-2,-1,0,-1,1,0,2,2,-2,1
"467","S39","Hunger","male",28,"disagree_moderate","college_bachDegree","democrat","no",0,"disagree_little",-1,1,1,-2,0,0,-1,1,0,0,1,-1,0
"468","S39","Hunger","male",28,"disagree_moderate","college_bachDegree","democrat","no",0,"disagree_little",-1,0,-1,0,-2,1,-1,2,1,1,0,0,0
"469","S40","Morality","female",43,"disagree_strong","college_bachDegree","democrat","no_commited",0,"disagree_strong",-1,1,-1,-2,-1,2,2,2,1,1,2,-2,2
"470","S40","Morality","female",43,"disagree_strong","college_bachDegree","democrat","no_commited",0,"disagree_strong",-2,-2,-2,-2,-1,2,-2,2,1,2,2,-2,2
"471","S40","Morality","female",43,"disagree_strong","college_bachDegree","democrat","no_commited",0,"disagree_strong",-2,-2,-2,-2,2,2,-2,2,-2,2,2,-2,2
"472","S40","Morality","female",43,"disagree_strong","college_bachDegree","democrat","no_commited",0,"disagree_strong",2,-2,2,-2,-2,0,-2,2,2,-2,2,-2,2
"473","S40","Morality","female",43,"disagree_strong","college_bachDegree","democrat","no_commited",0,"disagree_strong",-2,2,-1,-2,-2,2,-1,2,2,-2,2,2,-2
"474","S40","Morality","female",43,"disagree_strong","college_bachDegree","democrat","no_commited",0,"disagree_strong",-2,1,2,-2,-2,2,-2,0,-2,-2,2,2,2
"475","S40","Morality","female",43,"disagree_strong","college_bachDegree","democrat","no_commited",0,"disagree_strong",-2,2,-2,-2,-2,2,-1,0,-2,1,2,-2,0
"476","S40","Morality","female",43,"disagree_strong","college_bachDegree","democrat","no_commited",0,"disagree_strong",-1,1,-1,-2,-2,1,0,2,1,1,2,2,2
"477","S40","Morality","female",43,"disagree_strong","college_bachDegree","democrat","no_commited",0,"disagree_strong",-1,1,-2,-2,-1,2,1,2,-1,2,-2,2,-2
"478","S40","Morality","female",43,"disagree_strong","college_bachDegree","democrat","no_commited",0,"disagree_strong",2,1,0,-2,-1,2,-2,-2,-1,1,-1,2,-1
"479","S40","Morality","female",43,"disagree_strong","college_bachDegree","democrat","no_commited",0,"disagree_strong",0,-2,-2,-2,-1,2,-1,-2,2,-2,1,2,2
"480","S40","Morality","female",43,"disagree_strong","college_bachDegree","democrat","no_commited",0,"disagree_strong",0,-2,0,-2,-2,2,0,1,1,1,2,2,2
"481","S41","Self-Control","female",61,"disagree_strong","college_bachDegree","democrat","yes",2,"disagree_strong",-2,1,-2,-2,-2,2,-2,2,-1,2,0,-1,2
"482","S41","Self-Control","female",61,"disagree_strong","college_bachDegree","democrat","yes",2,"disagree_strong",0,-2,-2,-2,-2,2,2,2,0,2,2,-2,2
"483","S41","Self-Control","female",61,"disagree_strong","college_bachDegree","democrat","yes",2,"disagree_strong",0,2,-2,0,-2,2,-1,2,-2,-2,0,0,2
"484","S41","Self-Control","female",61,"disagree_strong","college_bachDegree","democrat","yes",2,"disagree_strong",-1,2,-2,0,0,2,1,2,-2,-2,-2,-1,0
"485","S41","Self-Control","female",61,"disagree_strong","college_bachDegree","democrat","yes",2,"disagree_strong",-1,0,0,-2,-2,2,0,0,1,-1,2,0,2
"486","S41","Self-Control","female",61,"disagree_strong","college_bachDegree","democrat","yes",2,"disagree_strong",0,1,0,-1,0,2,0,2,2,0,2,0,2
"487","S41","Self-Control","female",61,"disagree_strong","college_bachDegree","democrat","yes",2,"disagree_strong",-2,1,0,-1,-2,2,-2,2,1,0,-2,-1,2
"488","S41","Self-Control","female",61,"disagree_strong","college_bachDegree","democrat","yes",2,"disagree_strong",-2,-2,0,-2,0,2,0,0,1,0,1,0,2
"489","S41","Self-Control","female",61,"disagree_strong","college_bachDegree","democrat","yes",2,"disagree_strong",0,1,0,-2,-2,0,-2,2,1,-2,-2,0,2
"490","S41","Self-Control","female",61,"disagree_strong","college_bachDegree","democrat","yes",2,"disagree_strong",0,0,-2,0,0,0,0,2,-2,-2,1,-2,2
"491","S41","Self-Control","female",61,"disagree_strong","college_bachDegree","democrat","yes",2,"disagree_strong",-2,2,0,0,-1,2,-1,2,1,0,1,-2,0
"492","S41","Self-Control","female",61,"disagree_strong","college_bachDegree","democrat","yes",2,"disagree_strong",-1,-2,-1,-2,-1,2,-1,2,1,1,1,0,2
"493","S42","Morality","female",37,"agree_strong","college_bachDegree","republican","no",0,"agree_strong",0,-2,-1,2,-2,2,-2,2,1,-2,-2,-2,2
"494","S42","Morality","female",37,"agree_strong","college_bachDegree","republican","no",0,"agree_strong",0,-2,-2,2,-2,0,-2,2,0,2,2,-2,2
"495","S42","Morality","female",37,"agree_strong","college_bachDegree","republican","no",0,"agree_strong",2,1,-1,2,-2,2,2,2,-2,-2,-1,-2,2
"496","S42","Morality","female",37,"agree_strong","college_bachDegree","republican","no",0,"agree_strong",2,0,-2,2,-2,1,-1,0,0,0,1,-1,0
"497","S42","Morality","female",37,"agree_strong","college_bachDegree","republican","no",0,"agree_strong",-1,-2,-2,2,-2,2,-1,2,-2,1,-1,-2,1
"498","S42","Morality","female",37,"agree_strong","college_bachDegree","republican","no",0,"agree_strong",-1,2,-2,2,-2,-2,-2,1,1,1,2,-2,2
"499","S42","Morality","female",37,"agree_strong","college_bachDegree","republican","no",0,"agree_strong",1,2,-2,2,-2,1,-2,0,-2,-2,-1,-2,2
"500","S42","Morality","female",37,"agree_strong","college_bachDegree","republican","no",0,"agree_strong",2,2,2,2,-2,2,-2,-2,2,-2,1,-2,1
"501","S42","Morality","female",37,"agree_strong","college_bachDegree","republican","no",0,"agree_strong",-1,-2,-1,2,-2,2,-2,1,-2,-1,2,-2,0
"502","S42","Morality","female",37,"agree_strong","college_bachDegree","republican","no",0,"agree_strong",1,-1,-1,2,-2,2,2,2,-1,-2,2,-2,2
"503","S42","Morality","female",37,"agree_strong","college_bachDegree","republican","no",0,"agree_strong",-1,1,2,2,0,2,-2,2,2,1,2,-2,2
"504","S42","Morality","female",37,"agree_strong","college_bachDegree","republican","no",0,"agree_strong",-2,-2,0,2,-2,0,0,2,0,0,2,0,-2
"505","S43","Morality","female",25,"disagree_strong","college_bachDegree","independent","no_commited",0,"disagree_strong",-1,-1,-1,1,-2,1,-1,1,2,1,-1,1,1
"506","S43","Morality","female",25,"disagree_strong","college_bachDegree","independent","no_commited",0,"disagree_strong",-2,1,-2,2,-2,1,2,2,-1,-1,-1,1,-2
"507","S43","Morality","female",25,"disagree_strong","college_bachDegree","independent","no_commited",0,"disagree_strong",0,-2,-2,1,-2,1,-2,2,-2,-2,2,-1,2
"508","S43","Morality","female",25,"disagree_strong","college_bachDegree","independent","no_commited",0,"disagree_strong",1,1,0,1,0,2,-1,-1,2,2,-1,-2,1
"509","S43","Morality","female",25,"disagree_strong","college_bachDegree","independent","no_commited",0,"disagree_strong",-1,2,-1,1,-1,2,-2,-2,-2,1,1,-2,2
"510","S43","Morality","female",25,"disagree_strong","college_bachDegree","independent","no_commited",0,"disagree_strong",-2,-1,1,2,-1,2,-2,1,2,0,-1,-1,2
"511","S43","Morality","female",25,"disagree_strong","college_bachDegree","independent","no_commited",0,"disagree_strong",-1,-2,-2,2,-2,1,2,2,-2,-1,-1,2,2
"512","S43","Morality","female",25,"disagree_strong","college_bachDegree","independent","no_commited",0,"disagree_strong",-2,-2,-1,2,-2,1,-1,1,-2,-1,1,-1,2
"513","S43","Morality","female",25,"disagree_strong","college_bachDegree","independent","no_commited",0,"disagree_strong",-2,2,-2,2,-2,1,0,1,-2,1,1,1,2
"514","S43","Morality","female",25,"disagree_strong","college_bachDegree","independent","no_commited",0,"disagree_strong",-1,-1,-1,2,-1,2,-1,1,-1,-1,2,-1,1
"515","S43","Morality","female",25,"disagree_strong","college_bachDegree","independent","no_commited",0,"disagree_strong",0,-1,-1,-1,-1,-2,1,-1,1,0,1,0,1
"516","S43","Morality","female",25,"disagree_strong","college_bachDegree","independent","no_commited",0,"disagree_strong",1,2,-2,1,-1,2,0,1,1,-2,1,0,2
"517","S44","Self-Control","male",35,"neither","hs_diploma","democrat","no",NA,"agree_little",-1,1,0,-1,-1,1,0,1,-1,-1,-1,2,1
"518","S44","Self-Control","male",35,"neither","hs_diploma","democrat","no",NA,"agree_little",0,0,-1,1,0,-1,1,-1,0,0,-2,0,1
"519","S44","Self-Control","male",35,"neither","hs_diploma","democrat","no",NA,"agree_little",0,-1,1,0,-1,1,-1,0,0,-1,0,2,1
"520","S44","Self-Control","male",35,"neither","hs_diploma","democrat","no",NA,"agree_little",-2,-1,1,1,-1,-1,1,-1,-1,-1,1,2,1
"521","S44","Self-Control","male",35,"neither","hs_diploma","democrat","no",NA,"agree_little",-1,-1,0,2,-2,1,1,-2,-1,0,1,2,1
"522","S44","Self-Control","male",35,"neither","hs_diploma","democrat","no",NA,"agree_little",0,0,1,1,-1,-1,1,1,-2,-1,0,2,2
"523","S44","Self-Control","male",35,"neither","hs_diploma","democrat","no",NA,"agree_little",-1,-1,1,1,0,0,-2,1,0,0,-1,2,2
"524","S44","Self-Control","male",35,"neither","hs_diploma","democrat","no",NA,"agree_little",-1,-1,1,0,-2,-2,0,1,0,-1,-1,-2,2
"525","S44","Self-Control","male",35,"neither","hs_diploma","democrat","no",NA,"agree_little",0,-2,1,1,-1,1,-2,-2,1,0,-1,2,1
"526","S44","Self-Control","male",35,"neither","hs_diploma","democrat","no",NA,"agree_little",-1,-1,-1,1,-1,1,1,1,-1,-1,-1,1,0
"527","S44","Self-Control","male",35,"neither","hs_diploma","democrat","no",NA,"agree_little",-1,0,-1,1,-1,1,0,-1,0,-1,1,2,1
"528","S44","Self-Control","male",35,"neither","hs_diploma","democrat","no",NA,"agree_little",-1,0,1,1,0,1,-1,1,-1,0,1,1,1
"529","S45","Hunger","male",67,"agree_strong","grad_degree","democrat","yes",4,"agree_moderate",0,2,-2,-2,2,2,0,2,0,0,2,-2,2
"530","S45","Hunger","male",67,"agree_strong","grad_degree","democrat","yes",4,"agree_moderate",0,2,2,-2,-2,0,0,2,0,0,2,-2,0
"531","S45","Hunger","male",67,"agree_strong","grad_degree","democrat","yes",4,"agree_moderate",0,0,-1,-2,-2,2,0,0,2,0,0,-2,0
"532","S45","Hunger","male",67,"agree_strong","grad_degree","democrat","yes",4,"agree_moderate",2,0,-2,2,-2,0,0,0,2,0,0,-2,0
"533","S45","Hunger","male",67,"agree_strong","grad_degree","democrat","yes",4,"agree_moderate",1,2,-2,-2,-2,0,2,0,0,0,2,-2,2
"534","S45","Hunger","male",67,"agree_strong","grad_degree","democrat","yes",4,"agree_moderate",0,0,-2,-2,-2,0,0,2,0,2,0,-2,0
"535","S45","Hunger","male",67,"agree_strong","grad_degree","democrat","yes",4,"agree_moderate",0,0,-2,2,-2,2,0,0,2,0,0,-2,0
"536","S45","Hunger","male",67,"agree_strong","grad_degree","democrat","yes",4,"agree_moderate",0,2,2,-2,-2,0,2,0,2,2,0,-2,0
"537","S45","Hunger","male",67,"agree_strong","grad_degree","democrat","yes",4,"agree_moderate",0,0,-2,-2,-2,0,2,0,0,2,0,-2,0
"538","S45","Hunger","male",67,"agree_strong","grad_degree","democrat","yes",4,"agree_moderate",2,0,-2,-2,-2,0,0,0,0,0,2,-2,2
"539","S45","Hunger","male",67,"agree_strong","grad_degree","democrat","yes",4,"agree_moderate",0,0,2,-2,-2,2,0,0,0,2,0,-2,0
"540","S45","Hunger","male",67,"agree_strong","grad_degree","democrat","yes",4,"agree_moderate",2,0,-2,-2,-2,0,2,2,0,0,0,-2,2
"541","S46","Morality","female",27,"agree_strong","hs_diploma","independent","yes",0,"agree_strong",2,0,-2,2,-2,2,-2,2,-2,-2,2,2,-2
"542","S46","Morality","female",27,"agree_strong","hs_diploma","independent","yes",0,"agree_strong",-2,0,-2,2,-2,2,-2,2,0,2,-2,0,2
"543","S46","Morality","female",27,"agree_strong","hs_diploma","independent","yes",0,"agree_strong",2,0,-2,2,-2,2,-2,2,0,-2,2,2,2
"544","S46","Morality","female",27,"agree_strong","hs_diploma","independent","yes",0,"agree_strong",-2,2,0,2,-2,2,-2,2,-2,0,2,0,2
"545","S46","Morality","female",27,"agree_strong","hs_diploma","independent","yes",0,"agree_strong",-2,2,-2,2,-2,2,-2,2,0,-2,-2,0,2
"546","S46","Morality","female",27,"agree_strong","hs_diploma","independent","yes",0,"agree_strong",-2,-2,0,2,0,0,-2,2,-2,-2,-2,-2,2
"547","S46","Morality","female",27,"agree_strong","hs_diploma","independent","yes",0,"agree_strong",0,-2,-2,2,-2,2,-2,-2,2,0,2,-2,2
"548","S46","Morality","female",27,"agree_strong","hs_diploma","independent","yes",0,"agree_strong",-2,-2,0,2,-2,-2,0,2,2,2,2,-2,2
"549","S46","Morality","female",27,"agree_strong","hs_diploma","independent","yes",0,"agree_strong",-2,2,-2,2,-2,2,-2,2,2,0,-2,-2,0
"550","S46","Morality","female",27,"agree_strong","hs_diploma","independent","yes",0,"agree_strong",-2,-2,0,2,0,2,-2,0,0,2,2,0,2
"551","S46","Morality","female",27,"agree_strong","hs_diploma","independent","yes",0,"agree_strong",-2,2,-2,2,-2,2,0,2,-2,-2,2,-2,0
"552","S46","Morality","female",27,"agree_strong","hs_diploma","independent","yes",0,"agree_strong",-2,-2,0,2,-2,0,-2,0,-2,2,2,2,2
"553","S47","Fear","male",41,"disagree_strong","college_bachDegree","independent","yes",0,"disagree_strong",1,-1,0,-2,0,0,-2,2,-2,2,0,0,-1
"554","S47","Fear","male",41,"disagree_strong","college_bachDegree","independent","yes",0,"disagree_strong",0,2,-2,-2,0,0,0,2,2,2,0,0,0
"555","S47","Fear","male",41,"disagree_strong","college_bachDegree","independent","yes",0,"disagree_strong",0,-1,0,-2,-2,2,-2,0,2,0,1,-2,2
"556","S47","Fear","male",41,"disagree_strong","college_bachDegree","independent","yes",0,"disagree_strong",-2,-1,0,-1,0,2,-2,0,2,0,2,0,2
"557","S47","Fear","male",41,"disagree_strong","college_bachDegree","independent","yes",0,"disagree_strong",0,-1,-2,-2,-2,1,-2,2,2,2,2,1,-2
"558","S47","Fear","male",41,"disagree_strong","college_bachDegree","independent","yes",0,"disagree_strong",-2,0,-2,0,-2,0,-1,0,1,2,2,-2,2
"559","S47","Fear","male",41,"disagree_strong","college_bachDegree","independent","yes",0,"disagree_strong",-2,2,-2,-2,-2,2,1,2,-2,1,2,-2,0
"560","S47","Fear","male",41,"disagree_strong","college_bachDegree","independent","yes",0,"disagree_strong",-2,2,-2,-2,-2,2,2,2,-2,2,2,-2,1
"561","S47","Fear","male",41,"disagree_strong","college_bachDegree","independent","yes",0,"disagree_strong",-1,2,-2,0,0,2,0,2,2,0,0,-2,2
"562","S47","Fear","male",41,"disagree_strong","college_bachDegree","independent","yes",0,"disagree_strong",0,-2,0,-2,-2,2,2,2,-1,-1,2,-2,0
"563","S47","Fear","male",41,"disagree_strong","college_bachDegree","independent","yes",0,"disagree_strong",-2,2,-2,-2,-2,1,-2,0,-1,2,2,-1,2
"564","S47","Fear","male",41,"disagree_strong","college_bachDegree","independent","yes",0,"disagree_strong",-2,1,0,0,-2,1,1,2,-2,2,2,-2,2
"565","S48","Hunger","male",59,"agree_little","college_bachDegree","democrat","yes",1,"agree_strong",1,2,-2,-2,-2,2,-2,2,1,-2,2,-1,-1
"566","S48","Hunger","male",59,"agree_little","college_bachDegree","democrat","yes",1,"agree_strong",-1,1,-2,0,-1,-1,-1,2,1,-1,2,-1,1
"567","S48","Hunger","male",59,"agree_little","college_bachDegree","democrat","yes",1,"agree_strong",-1,-1,-1,-1,-1,1,1,1,1,1,2,0,1
"568","S48","Hunger","male",59,"agree_little","college_bachDegree","democrat","yes",1,"agree_strong",-2,-1,1,-2,-1,1,-1,1,1,1,-2,-1,1
"569","S48","Hunger","male",59,"agree_little","college_bachDegree","democrat","yes",1,"agree_strong",1,1,-1,-2,-1,1,-1,1,-1,1,-1,0,1
"570","S48","Hunger","male",59,"agree_little","college_bachDegree","democrat","yes",1,"agree_strong",1,-1,-2,-1,0,-1,-1,2,-1,1,1,-1,1
"571","S48","Hunger","male",59,"agree_little","college_bachDegree","democrat","yes",1,"agree_strong",-1,-1,1,-1,-1,1,2,1,-2,1,2,-1,2
"572","S48","Hunger","male",59,"agree_little","college_bachDegree","democrat","yes",1,"agree_strong",1,1,-1,0,-1,2,-1,1,-1,-2,1,-1,0
"573","S48","Hunger","male",59,"agree_little","college_bachDegree","democrat","yes",1,"agree_strong",1,-1,-1,-1,-1,2,-1,2,-1,1,1,-1,-1
"574","S48","Hunger","male",59,"agree_little","college_bachDegree","democrat","yes",1,"agree_strong",1,1,1,-1,0,1,1,0,1,-2,1,-1,-1
"575","S48","Hunger","male",59,"agree_little","college_bachDegree","democrat","yes",1,"agree_strong",-1,1,-1,-1,-1,1,1,1,1,1,1,-1,2
"576","S48","Hunger","male",59,"agree_little","college_bachDegree","democrat","yes",1,"agree_strong",1,-1,-2,-2,-1,1,1,1,1,-1,1,-1,2
"577","S49","Self-Control","female",26,"agree_strong","grad_degree","independent","no_commited",0,"agree_strong",2,1,2,-2,2,-1,2,1,-2,-2,-2,2,-2
"578","S49","Self-Control","female",26,"agree_strong","grad_degree","independent","no_commited",0,"agree_strong",2,-2,2,2,2,-1,1,2,-2,-1,-2,2,-2
"579","S49","Self-Control","female",26,"agree_strong","grad_degree","independent","no_commited",0,"agree_strong",2,-2,2,2,2,2,-2,-2,-1,-2,-2,2,2
"580","S49","Self-Control","female",26,"agree_strong","grad_degree","independent","no_commited",0,"agree_strong",2,1,-2,2,2,-2,-2,-2,-2,-1,-2,2,-2
"581","S49","Self-Control","female",26,"agree_strong","grad_degree","independent","no_commited",0,"agree_strong",2,-2,-2,2,2,-2,1,2,-1,-2,1,2,-1
"582","S49","Self-Control","female",26,"agree_strong","grad_degree","independent","no_commited",0,"agree_strong",2,-1,2,2,2,-2,-2,2,-2,-2,-2,2,1
"583","S49","Self-Control","female",26,"agree_strong","grad_degree","independent","no_commited",0,"agree_strong",2,-1,-2,2,2,-2,-2,2,-2,-2,2,2,1
"584","S49","Self-Control","female",26,"agree_strong","grad_degree","independent","no_commited",0,"agree_strong",1,1,0,2,2,2,-1,2,-2,-1,-2,-1,-2
"585","S49","Self-Control","female",26,"agree_strong","grad_degree","independent","no_commited",0,"agree_strong",0,-2,2,2,2,1,-2,-2,-1,-2,-2,2,1
"586","S49","Self-Control","female",26,"agree_strong","grad_degree","independent","no_commited",0,"agree_strong",2,-2,2,2,2,-2,-2,-2,-2,-1,-2,2,2
"587","S49","Self-Control","female",26,"agree_strong","grad_degree","independent","no_commited",0,"agree_strong",2,-2,2,-2,-2,1,-1,1,-2,1,1,2,-2
"588","S49","Self-Control","female",26,"agree_strong","grad_degree","independent","no_commited",0,"agree_strong",2,-2,2,-2,2,2,-2,-2,-1,-2,1,-2,-1
"589","S50","Morality","female",62,"agree_strong","college_bachDegree","democrat","no",0,"agree_moderate",0,-1,0,2,-1,2,-2,2,2,-2,-2,-2,2
"590","S50","Morality","female",62,"agree_strong","college_bachDegree","democrat","no",0,"agree_moderate",-2,-1,-2,2,-2,2,1,2,2,-2,-2,1,2
"591","S50","Morality","female",62,"agree_strong","college_bachDegree","democrat","no",0,"agree_moderate",-2,-1,0,2,-2,2,0,2,-2,-1,1,1,2
"592","S50","Morality","female",62,"agree_strong","college_bachDegree","democrat","no",0,"agree_moderate",-2,1,-2,2,-1,2,-2,0,1,1,0,1,2
"593","S50","Morality","female",62,"agree_strong","college_bachDegree","democrat","no",0,"agree_moderate",-2,1,-2,2,-2,2,-1,2,1,-2,-2,1,2
"594","S50","Morality","female",62,"agree_strong","college_bachDegree","democrat","no",0,"agree_moderate",-1,-2,-1,2,-1,0,-2,2,0,1,-1,-2,2
"595","S50","Morality","female",62,"agree_strong","college_bachDegree","democrat","no",0,"agree_moderate",-1,-2,-1,2,0,2,0,2,-2,-2,1,-2,2
"596","S50","Morality","female",62,"agree_strong","college_bachDegree","democrat","no",0,"agree_moderate",-2,0,1,2,-1,-2,-1,2,2,-1,2,1,2
"597","S50","Morality","female",62,"agree_strong","college_bachDegree","democrat","no",0,"agree_moderate",-1,-2,-2,2,-2,0,-2,2,-2,1,1,1,2
"598","S50","Morality","female",62,"agree_strong","college_bachDegree","democrat","no",0,"agree_moderate",0,-2,-2,2,-2,2,-2,0,-2,0,-2,-2,0
"599","S50","Morality","female",62,"agree_strong","college_bachDegree","democrat","no",0,"agree_moderate",0,0,-2,2,-2,2,-1,2,2,2,2,0,-2
"600","S50","Morality","female",62,"agree_strong","college_bachDegree","democrat","no",0,"agree_moderate",-1,1,0,2,-2,2,0,-2,1,-2,2,-1,0
"601","S51","Morality","female",30,"agree_strong","grad_degree","democrat","no_commited",1,"agree_strong",-2,2,-2,2,-2,2,-2,2,2,-1,2,2,1
"602","S51","Morality","female",30,"agree_strong","grad_degree","democrat","no_commited",1,"agree_strong",1,2,-2,2,-1,-2,0,2,-2,-2,2,2,-2
"603","S51","Morality","female",30,"agree_strong","grad_degree","democrat","no_commited",1,"agree_strong",2,2,1,2,-2,2,-2,2,-2,2,2,-2,-2
"604","S51","Morality","female",30,"agree_strong","grad_degree","democrat","no_commited",1,"agree_strong",0,2,-2,2,-2,2,-2,2,2,-2,-2,2,1
"605","S51","Morality","female",30,"agree_strong","grad_degree","democrat","no_commited",1,"agree_strong",-1,2,-2,2,-2,0,-2,0,2,-2,-1,2,2
"606","S51","Morality","female",30,"agree_strong","grad_degree","democrat","no_commited",1,"agree_strong",-2,-2,-2,2,-2,2,0,2,2,-2,2,0,0
"607","S51","Morality","female",30,"agree_strong","grad_degree","democrat","no_commited",1,"agree_strong",-2,-2,-2,2,-2,2,0,0,0,-2,-2,-1,-2
"608","S51","Morality","female",30,"agree_strong","grad_degree","democrat","no_commited",1,"agree_strong",-2,-2,-2,2,0,2,-2,1,-2,2,2,2,2
"609","S51","Morality","female",30,"agree_strong","grad_degree","democrat","no_commited",1,"agree_strong",-2,2,0,2,-2,1,-2,2,-2,-1,-2,1,-2
"610","S51","Morality","female",30,"agree_strong","grad_degree","democrat","no_commited",1,"agree_strong",-2,2,-2,2,-2,2,-2,2,-2,-2,1,-1,2
"611","S51","Morality","female",30,"agree_strong","grad_degree","democrat","no_commited",1,"agree_strong",-2,2,0,2,-2,2,-2,2,2,2,2,-1,2
"612","S51","Morality","female",30,"agree_strong","grad_degree","democrat","no_commited",1,"agree_strong",-2,-1,-2,2,0,1,-2,-2,-2,2,-2,-2,2
"613","S52","Self-Control","male",28,"neither","grad_degree","independent","no",0,"disagree_moderate",0,1,0,-1,-1,2,-1,2,1,0,-1,-2,2
"614","S52","Self-Control","male",28,"neither","grad_degree","independent","no",0,"disagree_moderate",1,1,-1,-2,0,1,-2,0,0,2,0,-2,0
"615","S52","Self-Control","male",28,"neither","grad_degree","independent","no",0,"disagree_moderate",-2,2,-1,-1,-1,0,1,0,2,2,1,1,0
"616","S52","Self-Control","male",28,"neither","grad_degree","independent","no",0,"disagree_moderate",-1,1,-2,-2,-2,2,-2,0,2,2,0,1,2
"617","S52","Self-Control","male",28,"neither","grad_degree","independent","no",0,"disagree_moderate",0,0,-1,-2,-2,2,1,2,2,2,1,-2,2
"618","S52","Self-Control","male",28,"neither","grad_degree","independent","no",0,"disagree_moderate",-1,0,-1,-2,-2,2,0,2,0,0,2,1,2
"619","S52","Self-Control","male",28,"neither","grad_degree","independent","no",0,"disagree_moderate",-2,2,0,-2,-2,2,-2,2,0,0,0,-2,2
"620","S52","Self-Control","male",28,"neither","grad_degree","independent","no",0,"disagree_moderate",-1,1,-2,-2,-2,1,2,2,2,0,0,2,-2
"621","S52","Self-Control","male",28,"neither","grad_degree","independent","no",0,"disagree_moderate",-2,0,-2,-2,0,0,0,0,-1,1,1,-1,2
"622","S52","Self-Control","male",28,"neither","grad_degree","independent","no",0,"disagree_moderate",-2,0,-1,0,-2,1,2,2,1,0,0,-2,0
"623","S52","Self-Control","male",28,"neither","grad_degree","independent","no",0,"disagree_moderate",-2,0,-1,-2,0,0,-1,1,0,-1,2,-1,0
"624","S52","Self-Control","male",28,"neither","grad_degree","independent","no",0,"disagree_moderate",-2,-1,0,0,-1,1,1,1,-1,-1,1,-1,1
